date,heure,voitureMarque,voitureModele,imgGlobalName,imgPlaqueName,plateNumber
2021-09-22,11:54:53,Land,Rover,17595028.jpg,175950281cbcaa.png,S875
2021-09-21,16:33:00,Porsche,911,17590037.jpg,17590037835388.png,W273
2021-09-21,15:37:50,Audi,TT,17589691.jpg,17589691aaa465.png,242H
2021-09-21,01:22:37,Porsche,Cayman,17587518.jpg,175875184a3468.png,L551
2021-09-20,19:31:22,Ford,Focus,17585128.jpg,175851283cffbf.png,084E
2021-09-20,19:30:38,Jaguar,XF,17585123.jpg,17585123b668f3.png,728J
2021-09-20,18:50:54,Renault,Twizy,17584827.jpg,17584827f8e59d.png,51EE
2021-09-20,18:47:59,Bentley,Continental,17584790.jpg,17584790bc0e49.png,C059
2021-09-20,18:46:06,FIAT,500,17584768.jpg,17584768da1229.png,X578
2021-09-20,18:45:04,Bentley,Flying,17584757.jpg,17584757e9e522.png,S802
2021-09-20,18:38:16,Smart,ForTwo,17584711.jpg,17584711e1e462.png,L596
2021-09-20,18:36:30,Smart,ForTwo,17584698.jpg,17584698e8fc07.png,L596
2021-09-20,18:34:02,Mercedes-Benz,S-Klasse,17584685.jpg,17584685b6e898.png,6006
2021-09-20,18:31:53,Piaggio,Porter,17584679.jpg,1758467931d6e7.png,274E
2021-09-20,18:09:52,Porsche,911,17584652.jpg,1758465243d900.png,V701
2021-09-20,18:05:58,Mercedes-Benz,A-Klasse,17584627.jpg,17584627edb887.png,1132
2021-09-20,17:58:40,Porsche,911,17584580.jpg,17584580bd24f5.png,R084
2021-09-20,17:56:07,Mercedes-Benz,C-Klasse,17584565.jpg,175845658e5c60.png,K572
2021-09-20,17:49:32,Bentley,Continental,17584523.jpg,175845235d24be.png,F511
2021-09-20,17:48:01,Land,Rover,17584509.jpg,17584509c03a52.png,Q834
2021-09-20,17:46:17,Ferrari,458,17584502.jpg,1758450230202b.png,Q079
2021-09-20,17:45:02,Ferrari,458,17584492.jpg,1758449212d25f.png,Q079
2021-09-20,17:38:47,Jeep,Grand,17584443.jpg,17584443e39d01.png,E303
2021-09-20,17:34:36,Mercedes-Benz,SL-Klasse,17584417.jpg,17584417f31f3a.png,F324
2021-09-20,17:26:58,Audi,A3,17584377.jpg,175843771e0d79.png,E931
2021-09-20,16:33:02,Mercedes-Benz,,17584136.jpg,175841364b5392.png,9505
2021-09-20,15:43:46,Mercedes-Benz,Viano,17583892.jpg,17583892a70587.png,V772
2021-09-19,22:15:09,Mercedes-Benz,SLK-Klasse,17580009.jpg,175800092734de.png,9907
2021-09-19,22:12:39,Audi,Q3,17579983.jpg,175799833bb152.png,201H
2021-09-19,22:10:41,FIAT,500,17579963.jpg,17579963524748.png,L816
2021-09-19,22:08:36,Audi,Q3,17579941.jpg,17579941c46b17.png,0515
2021-09-19,22:06:35,Mercedes-Benz,G-Klasse,17579915.jpg,1757991531ce0b.png,Q226
2021-09-19,22:04:55,Land,Rover,17579895.jpg,175798953c6687.png,7286
2021-09-19,11:25:09,Land,Rover,17574310.jpg,175743103678a0.png,333T
2021-09-19,11:22:03,Maserati,Levante,17574278.jpg,175742780c723a.png,L082
2021-09-19,11:20:08,BMW,X3,17574261.jpg,175742616992b4.png,B844
2021-09-19,11:16:59,Porsche,Macan,17574237.jpg,17574237dca48d.png,636P
2021-09-19,11:14:08,Mercedes-Benz,G-Klasse,17574211.jpg,17574211ce6837.png,454K
2021-09-19,11:12:20,Land,Rover,17574198.jpg,17574198cfa818.png,M496
2021-09-19,11:10:17,Land,Rover,17574180.jpg,1757418047a421.png,383B
2021-09-19,11:08:11,Porsche,Cayenne,17574160.jpg,17574160961d66.png,C149
2021-09-19,11:05:31,Mercedes-Benz,E-Klasse,17574138.jpg,175741381ef568.png,N504
2021-09-19,11:02:47,BMW,X5,17574108.jpg,17574108af049d.png,H571
2021-09-19,11:00:56,,,17574096.jpg,175740963ef870.png,BM52
2021-09-19,01:01:57,Porsche,Macan,17572565.jpg,17572565e9c68f.png,C637
2021-09-19,01:00:51,Rolls-Royce,Wraith,17572556.jpg,17572556ebc745.png,418K
2021-09-18,19:40:58,Land,Rover,17569593.jpg,1756959364f60d.png,Y286
2021-09-18,18:30:19,MINI,Clubman,17568924.jpg,175689244b0ee0.png,5192
2021-09-17,22:25:42,Audi,RS3,17563977.jpg,175639770c751e.png,103L
2021-09-17,22:10:58,BMW,X7,17563908.jpg,17563908f1ab14.png,7168
2021-09-17,22:09:50,Land,Rover,17563900.jpg,17563900f57247.png,784G
2021-09-17,22:03:27,Land,Rover,17563861.jpg,175638610acbf8.png,8505
2021-09-17,20:48:24,Mercedes-Benz,E-Klasse,17563373.jpg,175633732352d3.png,639D
2021-09-17,20:47:16,Mercedes-Benz,E-Klasse,17563364.jpg,175633647ac676.png,639D
2021-09-17,17:38:43,Mercedes-Benz,C-Klasse,17562141.jpg,1756214111bc07.png,B684
2021-09-16,09:16:10,Lamborghini,Urus,17551267.jpg,175512678aa063.png,056N
2021-09-15,23:39:36,BMW,1,17549817.jpg,17549817485cc0.png,158G
2021-09-15,21:44:23,Mercedes-Benz,A-Klasse,17548476.jpg,17548476bfbab6.png,V163
2021-09-15,20:44:28,Audi,A1,17547878.jpg,17547878232f90.png,P811
2021-09-15,20:35:49,Mercedes-Benz,GLC-Klasse,17547786.jpg,175477868274f6.png,Q821
2021-09-15,20:07:13,Nissan,Micra,17547492.jpg,1754749202ee41.png,8233
2021-09-15,20:06:32,Nissan,Micra,17547487.jpg,175474879d3354.png,8233
2021-09-15,19:04:05,Porsche,911,17546995.jpg,175469957a1f87.png,214N
2021-09-15,16:07:34,Mercedes-Benz,M-Klasse,17545745.jpg,17545745e9ea37.png,C641
2021-09-15,16:07:02,Mercedes-Benz,M-Klasse,17545741.jpg,17545741709967.png,C641
2021-09-14,23:27:54,Ferrari,512,17542632.jpg,1754263218e472.png,342F
2021-09-14,23:25:55,Ferrari,512,17542611.jpg,17542611690fc9.png,342F
2021-09-14,21:46:59,Alfa,Romeo,17541731.jpg,17541731b7c681.png,D547
2021-09-14,13:40:32,Rolls-Royce,Dawn,17538364.jpg,17538364b9f3d7.png,U525
2021-09-14,00:34:26,Porsche,911,17536080.jpg,175360805eb890.png,728X
2021-09-14,00:33:41,Porsche,911,17536072.jpg,17536072b29bb2.png,728X
2021-09-13,23:50:52,Audi,Quattro,17535754.jpg,1753575417ad75.png,014X
2021-09-13,23:49:33,Audi,Quattro,17535750.jpg,175357505fa12f.png,014X
2021-09-13,23:40:32,Jeep,Wrangler,17535660.jpg,1753566047fcfc.png,8720
2021-09-13,21:02:03,MINI,Hatch,17534135.jpg,175341358793ad.png,L221
2021-09-13,21:01:30,MINI,Hatch,17534126.jpg,1753412696331c.png,L221
2021-09-13,01:04:26,Porsche,911,17528449.jpg,175284493c260b.png,6379
2021-09-13,01:03:57,Porsche,911,17528440.jpg,17528440af725e.png,6379
2021-09-12,22:29:58,Abarth,500/595/695,17527023.jpg,175270237891a2.png,Y323
2021-09-12,22:28:51,Lancia,Voyager,17527013.jpg,1752701347e8e6.png,P062
2021-09-12,22:27:31,Mercedes-Benz,A-Klasse,17526997.jpg,17526997810e0c.png,085J
2021-09-12,20:59:56,Rolls-Royce,Dawn,17526132.jpg,1752613291d050.png,Z047
2021-09-12,03:34:24,Mercedes-Benz,GLE-Klasse,17520664.jpg,17520664434b5e.png,Y586
2021-09-11,23:07:50,Audi,Q3,17519429.jpg,17519429b8923c.png,M977
2021-09-11,16:29:56,Bristol,Arnolt,17516593.jpg,17516593e0b119.png,X142
2021-09-11,16:23:40,Porsche,959,17516546.jpg,1751654601e3ef.png,B111
2021-09-11,16:14:07,Ferrari,599,17516485.jpg,17516485947451.png,V632
2021-09-11,15:07:45,Porsche,Cayenne,17516183.jpg,175161835718bb.png,127N
2021-09-11,15:06:24,Audi,A3,17516179.jpg,1751617997c545.png,533P
2021-09-11,13:12:17,Porsche,Macan,17515289.jpg,1751528999ceeb.png,270C
2021-09-10,23:07:52,McLaren,720S,17512106.jpg,17512106fd9dd9.png,F043
2021-09-10,23:07:31,McLaren,720S,17512101.jpg,17512101aec381.png,F043
2021-09-10,17:18:12,Audi,A5,17509370.jpg,17509370822013.png,T199
2021-09-10,15:51:42,Ferrari,F8,17508490.jpg,17508490cf7fc6.png,4715
2021-09-10,15:50:45,Ferrari,F8,17508483.jpg,175084833ff0b1.png,4715
2021-09-10,10:45:31,Mercedes-Benz,E-Klasse,17506965.jpg,17506965932080.png,311P
2021-09-09,21:10:30,Ferrari,458,17503633.jpg,1750363332296e.png,579G
2021-09-08,00:55:06,Aston,Martin,17492786.jpg,174927868089a1.png,W060
2021-09-08,00:51:56,Aston,Martin,17492767.jpg,17492767a30318.png,P610
2021-09-08,00:50:31,Aston,Martin,17492757.jpg,17492757b79b62.png,L762
2021-09-08,00:49:30,Aston,Martin,17492750.jpg,174927500cfd6e.png,W468
2021-09-08,00:48:10,Aston,Martin,17492743.jpg,1749274388798c.png,4271
2021-09-08,00:47:00,Aston,Martin,17492738.jpg,1749273846dd86.png,B154
2021-09-08,00:44:50,Aston,Martin,17492728.jpg,17492728702b23.png,V422
2021-09-08,00:44:05,Aston,Martin,17492724.jpg,174927247ea2b7.png,V409
2021-09-08,00:43:01,Aston,Martin,17492721.jpg,17492721e75ec2.png,T901
2021-09-08,00:12:25,Bentley,Continental,17492519.jpg,17492519226ce5.png,3591
2021-09-08,00:11:43,Bentley,Continental,17492513.jpg,17492513809125.png,3591
2021-09-07,21:39:52,Mercedes-Benz,V-Klasse,17491066.jpg,17491066835754.png,052C
2021-09-07,21:38:59,Mercedes-Benz,V-Klasse,17491051.jpg,17491051dad2c5.png,052C
2021-09-07,00:15:32,Peugeot,3008,17484862.jpg,17484862bceeb6.png,8738
2021-09-06,19:40:13,Porsche,Cayenne,17482089.jpg,17482089f30e28.png,E165
2021-09-06,16:55:56,Land,Rover,17480970.jpg,174809703477e7.png,2814
2021-09-06,15:20:13,BMW,X5,17480294.jpg,17480294258f4e.png,1508
2021-09-06,00:31:06,MINI,Hatch,17477718.jpg,17477718355d8d.png,R985
2021-09-06,00:29:40,MINI,Hatch,17477711.jpg,17477711e08bcf.png,R985
2021-09-06,00:15:12,Toyota,iQ,17477616.jpg,17477616594fba.png,222G
2021-09-06,00:07:15,Mercedes-Benz,G-Klasse,17477576.jpg,17477576bbf53c.png,272P
2021-09-06,00:04:00,Mercedes-Benz,G-Klasse,17477557.jpg,17477557986b2b.png,272P
2021-09-05,23:38:01,Land,Rover,17477396.jpg,174773965abd4b.png,Y286
2021-09-05,23:36:54,Land,Rover,17477390.jpg,174773906c9b9d.png,Y286
2021-09-05,20:48:31,Audi,Q3,17475504.jpg,17475504abafc6.png,8545
2021-09-05,19:28:12,Audi,A4,17474846.jpg,17474846d7b0e4.png,0323
2021-09-05,18:57:25,Land,Rover,17474515.jpg,1747451545b6ff.png,9715
2021-09-05,18:54:41,Lancia,Fulvia,17474482.jpg,17474482d5ee5b.png,057X
2021-09-05,18:53:13,Renault,12,17474463.jpg,17474463fed785.png,7344
2021-09-05,18:43:47,Audi,Q7,17474366.jpg,17474366b41761.png,156K
2021-09-04,23:17:02,Lamborghini,Urus,17468898.jpg,1746889898ccdb.png,051H
2021-09-04,23:16:32,Audi,RS3,17468892.jpg,174688928ff72b.png,284K
2021-09-04,23:15:41,Mercedes-Benz,C-Klasse,17468878.jpg,1746887899f278.png,252K
2021-09-04,20:52:25,Land,Rover,17467374.jpg,1746737426a7ee.png,C540
2021-09-04,00:49:41,Land,Rover,17462001.jpg,174620016f0308.png,B771
2021-09-04,00:48:35,Volkswagen,Tiguan,17461996.jpg,17461996963d5f.png,560F
2021-09-04,00:47:17,Mercedes-Benz,S-Klasse,17461987.jpg,17461987b0d5b1.png,F586
2021-09-02,23:33:57,Ferrari,Roma,17454451.jpg,17454451aa2a2e.png,7487
2021-09-02,23:33:13,Porsche,Macan,17454448.jpg,17454448faabb6.png,9317
2021-09-02,23:32:38,Ferrari,Roma,17454443.jpg,17454443916948.png,7487
2021-09-02,23:32:19,Porsche,Macan,17454439.jpg,17454439d25ae3.png,659P
2021-09-02,23:28:30,Land,Rover,17454408.jpg,174544082fe234.png,2478
2021-09-02,23:22:39,Mercedes-Benz,GLB-Klasse,17454354.jpg,174543545f3464.png,E741
2021-09-02,23:22:09,Mercedes-Benz,GLB-Klasse,17454345.jpg,174543456a67bb.png,E741
2021-09-01,21:25:35,Volkswagen,Golf,17445945.jpg,17445945463f83.png,718C
2021-09-01,21:24:56,Volkswagen,Golf,17445936.jpg,1744593633ba02.png,718C
2021-09-01,20:40:23,Mercedes-Benz,M-Klasse,17445477.jpg,17445477df0855.png,G157
2021-08-31,22:33:54,Volkswagen,Touran,17439115.jpg,17439115be5fc1.png,D962
2021-08-31,22:32:11,Volkswagen,Touran,17439089.jpg,17439089afe502.png,D962
2021-08-31,21:46:54,Land,Rover,17438620.jpg,17438620612495.png,Y286
2021-08-31,19:22:49,Audi,S6,17437287.jpg,17437287890347.png,313E
2021-08-31,18:39:59,Isuzu,D-Max,17436995.jpg,174369959d4342.png,644P
2021-08-31,10:35:34,Ferrari,Portofino,17434033.jpg,174340339c39b0.png,469L
2021-08-31,10:34:54,Ferrari,Portofino,17434031.jpg,17434031c86ffd.png,469L
2021-08-30,20:27:55,Mercedes-Benz,GLE-Klasse,17430677.jpg,1743067730550e.png,M100
2021-08-30,12:20:06,Renault,Clio,17427445.jpg,174274458647a2.png,5326
2021-08-29,23:27:37,Ferrari,Scuderia,17425178.jpg,17425178beaa2d.png,963P
2021-08-29,19:01:34,Ford,Focus,17422607.jpg,17422607f7e008.png,J238
2021-08-29,14:45:22,Abarth,500/595/695,17420865.jpg,174208652ff159.png,S233
2021-08-29,00:34:37,Mercedes-Benz,GL-Klasse,17417348.jpg,174173483383ab.png,8558
2021-08-29,00:33:55,Mercedes-Benz,GL-Klasse,17417339.jpg,1741733976a0a2.png,8558
2021-08-28,19:01:30,Bentley,Continental,17414396.jpg,174143963f5d7a.png,2847
2021-08-27,21:03:34,Porsche,Cayenne,17408284.jpg,17408284013896.png,559J
2021-08-27,18:48:12,Mercedes-Benz,A-Klasse,17407313.jpg,17407313137b20.png,M110
2021-08-27,18:33:19,Land,Rover,17407166.jpg,174071666085d2.png,Y212
2021-08-26,23:05:55,Mercedes-Benz,GLE-Klasse,17402676.jpg,174026766264e7.png,D725
2021-08-26,14:00:58,Lexus,NX,17398777.jpg,17398777732269.png,6175
2021-08-25,23:38:34,Smart,ForTwo,17395760.jpg,1739576031ee11.png,690H
2021-08-25,23:37:47,Smart,ForTwo,17395753.jpg,1739575342546a.png,690H
2021-08-25,21:43:23,BMW,M6,17394425.jpg,17394425a4db14.png,P806
2021-08-25,21:42:10,Ferrari,458,17394410.jpg,17394410701fdc.png,V938
2021-08-25,21:40:44,Ferrari,458,17394389.jpg,17394389f288f5.png,205V
2021-08-25,21:39:25,Rolls-Royce,Phantom,17394370.jpg,17394370c6d074.png,N953
2021-08-25,21:38:08,Rolls-Royce,Ghost,17394352.jpg,17394352b961ef.png,V961
2021-08-25,21:36:15,Audi,S8,17394329.jpg,17394329eb04fd.png,3648
2021-08-25,21:33:40,Porsche,Cayenne,17394300.jpg,17394300169904.png,V086
2021-08-25,21:32:07,Ferrari,California,17394284.jpg,17394284f7c941.png,2418
2021-08-25,21:30:16,Porsche,911,17394269.jpg,173942692f4d17.png,L326
2021-08-25,21:27:13,Aston,Martin,17394245.jpg,1739424565f46e.png,V128
2021-08-25,21:23:43,Ferrari,458,17394220.jpg,17394220f88ff4.png,L269
2021-08-25,21:22:36,Porsche,911,17394213.jpg,17394213cab1a3.png,J380
2021-08-25,21:22:06,Ferrari,599,17394209.jpg,17394209fac2f8.png,P267
2021-08-25,21:20:30,Ferrari,California,17394196.jpg,17394196b7c736.png,8440
2021-08-24,21:10:11,Mercedes-Benz,CLK-Klasse,17387407.jpg,17387407e1fb03.png,7546
2021-08-23,22:51:17,Mercedes-Benz,G-Klasse,17381528.jpg,1738152815c3a0.png,6313
2021-08-23,22:38:00,Land,Rover,17381386.jpg,173813862c159d.png,K387
2021-08-23,21:27:48,Mercedes-Benz,G-Klasse,17380363.jpg,17380363a6f3bf.png,6313
2021-08-23,21:01:53,Land,Rover,17380007.jpg,173800071d57aa.png,1255
2021-08-23,21:00:58,Land,Rover,17379994.jpg,17379994d41916.png,1255
2021-08-23,20:56:41,Bentley,Flying,17379950.jpg,173799500de5a1.png,N350
2021-08-23,15:36:33,Porsche,718,17377542.jpg,17377542d846d8.png,U507
2021-08-21,23:00:00,Mercedes-Benz,B-Klasse,17369773.jpg,173697730b0046.png,190L
2021-08-21,22:59:35,Mercedes-Benz,B-Klasse,17369769.jpg,17369769951e0b.png,190L
2021-08-21,21:07:16,Porsche,Macan,17368700.jpg,1736870070bb68.png,077L
2021-08-21,20:00:38,Porsche,911,17368123.jpg,173681231a99af.png,4344
2021-08-21,20:00:08,Porsche,911,17368117.jpg,17368117d40e8e.png,4344
2021-08-21,14:21:12,Audi,RS6,17365733.jpg,1736573301b4e7.png,776V
2021-08-21,02:45:26,Mercedes-Benz,S-Klasse,17363369.jpg,173633696dfe39.png,M501
2021-08-21,02:44:01,Audi,A8,17363366.jpg,173633660734d7.png,312H
2021-08-21,01:20:36,Ferrari,California,17363033.jpg,17363033dbf111.png,H569
2021-08-20,21:39:19,Audi,A6,17361408.jpg,17361408d871f3.png,812G
2021-08-19,14:28:19,Mercedes-Benz,E-Klasse,17351345.jpg,17351345daf42b.png,4067
2021-08-19,14:27:22,Bentley,Bentayga,17351339.jpg,173513393fbb82.png,2463
2021-08-19,14:26:41,Bentley,Bentayga,17351335.jpg,173513356dbf0e.png,2463
2021-08-19,02:04:10,BMW,M8,17349151.jpg,173491517dd0db.png,H775
2021-08-19,02:03:38,BMW,M8,17349149.jpg,1734914902a1d3.png,H775
2021-08-17,23:18:53,Rolls-Royce,Phantom,17340902.jpg,173409026f4c4f.png,4878
2021-08-17,23:18:23,Rolls-Royce,Phantom,17340897.jpg,173408973fb480.png,4878
2021-08-17,12:48:27,Lagonda,LG45,17336571.jpg,173365711f0d74.png,X936
2021-08-16,20:42:44,Volvo,V90,17332525.jpg,173325251a7ea9.png,K938
2021-08-15,19:15:06,Bentley,Flying,17324722.jpg,1732472245ce06.png,K838
2021-08-15,19:14:10,Bentley,Flying,17324714.jpg,173247141cf1f4.png,K838
2021-08-14,23:58:06,BMW,X5M,17319546.jpg,17319546813397.png,V538
2021-08-14,12:26:15,Rolls-Royce,Wraith,17314892.jpg,17314892f0c5c6.png,J341
2021-08-14,03:07:10,Audi,S4,17313449.jpg,17313449f51bf0.png,E752
2021-08-14,00:30:43,Bentley,Continental,17313009.jpg,173130097d8b69.png,466D
2021-08-14,00:29:59,Bentley,Continental,17313002.jpg,17313002b9d977.png,466D
2021-08-14,00:27:42,Porsche,Cayman,17312989.jpg,1731298959aa53.png,R371
2021-08-14,00:19:09,Audi,TT,17312925.jpg,173129251721b6.png,242H
2021-08-14,00:17:52,Audi,TT,17312909.jpg,17312909d01230.png,242H
2021-08-14,00:00:15,Land,Rover,17312738.jpg,17312738008f3b.png,5504
2021-08-13,23:59:41,Land,Rover,17312732.jpg,17312732e359ff.png,5504
2021-08-13,19:35:39,BMW,M2,17310599.jpg,17310599be16a6.png,4313
2021-08-13,19:34:53,BMW,M2,17310591.jpg,17310591dea03e.png,4313
2021-08-13,19:29:49,Land,Rover,17310560.jpg,17310560ee57f2.png,L835
2021-08-13,19:28:46,Land,Rover,17310552.jpg,173105522d4660.png,L835
2021-08-13,04:04:55,Mercedes-Benz,C-Klasse,17306938.jpg,173069383b0265.png,E584
2021-08-13,04:03:47,Mercedes-Benz,C-Klasse,17306936.jpg,1730693683d707.png,E584
2021-08-13,00:20:42,Mercedes-Benz,B-Klasse,17306353.jpg,17306353518337.png,143B
2021-08-13,00:19:49,Mercedes-Benz,B-Klasse,17306350.jpg,17306350fef037.png,143B
2021-08-12,22:43:55,Volkswagen,Transporter,17305710.jpg,17305710e3204d.png,7979
2021-08-12,22:42:47,Volkswagen,Transporter,17305703.jpg,173057031f784f.png,7979
2021-08-12,21:34:59,Porsche,911,17304928.jpg,173049288ace9d.png,847D
2021-08-12,21:34:27,Porsche,911,17304922.jpg,173049220c81e0.png,847D
2021-08-12,01:11:09,Mercedes-Benz,E-Klasse,17300038.jpg,17300038479f56.png,558G
2021-08-12,01:10:27,Mercedes-Benz,E-Klasse,17300036.jpg,173000364bf7c3.png,558G
2021-08-12,01:05:54,Concorde,,17300031.jpg,17300031ee90b8.png,V248
2021-08-12,01:04:49,Concorde,,17300029.jpg,17300029374820.png,V248
2021-08-11,00:42:53,Jeep,Wrangler,17291894.jpg,17291894df692c.png,N457
2021-08-11,00:36:42,Ferrari,488,17291862.jpg,17291862a29af1.png,051E
2021-08-11,00:35:23,Ferrari,488,17291854.jpg,17291854d10920.png,051E
2021-08-10,18:35:52,Land,Rover,17288728.jpg,17288728bbf8e6.png,T114
2021-08-09,20:33:04,Audi,A3,17282731.jpg,17282731430100.png,P698
2021-08-09,20:32:29,Audi,A3,17282724.jpg,1728272451bab2.png,P698
2021-08-09,20:30:52,Volkswagen,Polo,17282703.jpg,172827033d18d5.png,S619
2021-08-09,20:29:22,Volkswagen,Polo,17282684.jpg,17282684208f2d.png,S619
2021-08-08,21:34:26,Ferrari,488,17276512.jpg,172765125fb0c2.png,9266
2021-08-08,21:33:45,Ferrari,488,17276508.jpg,1727650823c676.png,9266
2021-08-08,01:22:34,Ford,S-Max,17270456.jpg,17270456a940ff.png,M978
2021-08-08,01:20:59,Citroёn,C4,17270446.jpg,17270446e202fa.png,J024
2021-08-08,01:16:20,Volkswagen,T-Cross,17270414.jpg,17270414759ba8.png,537K
2021-08-07,18:32:30,Mercedes-Benz,GLE-Klasse,17267085.jpg,17267085a9e3fc.png,E521
2021-08-07,18:29:36,Mercedes-Benz,GLE-Klasse,17267067.jpg,17267067b3682b.png,E521
2021-08-06,17:08:22,BMW,2,17259846.jpg,17259846210075.png,J690
2021-08-06,12:57:06,Porsche,Cayenne,17258609.jpg,172586099c7583.png,059K
2021-08-05,23:06:42,Rolls-Royce,Dawn,17256401.jpg,17256401bcc660.png,P518
2021-08-05,23:03:31,Rolls-Royce,Dawn,17256373.jpg,172563730507fa.png,P518
2021-08-05,22:59:06,BMW,6,17256339.jpg,17256339faf7fd.png,B350
2021-08-05,22:52:42,BMW,6,17256295.jpg,17256295f74813.png,B350
2021-08-05,22:48:35,MINI,Convertible,17256268.jpg,17256268952f67.png,V623
2021-08-05,22:47:29,MINI,Convertible,17256262.jpg,17256262504ca0.png,V623
2021-08-05,20:19:34,Kawasaki,Z300,17255163.jpg,17255163fc8135.png,AP44
2021-08-05,14:53:57,Audi,A3,17252979.jpg,1725297960bb26.png,515D
2021-08-05,14:53:37,Audi,A3,17252976.jpg,1725297614b672.png,515D
2021-08-04,23:34:56,Toyota,Corolla,17249652.jpg,17249652bff810.png,7386
2021-08-04,23:31:10,Toyota,Corolla,17249619.jpg,17249619e8f9f0.png,7386
2021-08-04,21:06:45,Peugeot,3008,17248052.jpg,172480525e3a07.png,C433
2021-08-03,20:11:03,Mercedes-Benz,SLR,17240561.jpg,17240561be5de7.png,Z077
2021-08-03,20:09:48,Audi,S5,17240552.jpg,172405527ec4d5.png,K586
2021-08-03,20:08:28,Porsche,911,17240546.jpg,1724054665ec94.png,S971
2021-08-03,20:07:07,Porsche,911,17240537.jpg,172405379f6746.png,B305
2021-08-03,20:06:06,Ferrari,458,17240529.jpg,17240529a0439d.png,Z122
2021-08-03,20:05:02,Aston,Martin,17240520.jpg,17240520adbc00.png,2692
2021-08-03,20:03:42,Jaguar,E-Type,17240510.jpg,1724051060b0c5.png,T408
2021-08-03,20:02:32,Porsche,911,17240501.jpg,172405010f2d42.png,V927
2021-08-03,19:59:55,Ferrari,458,17240477.jpg,17240477c26e8a.png,V487
2021-08-03,19:58:42,Porsche,911,17240467.jpg,172404679e3d5c.png,V943
2021-08-03,19:56:06,Rolls-Royce,Corniche,17240443.jpg,17240443b6b2e2.png,T823
2021-08-03,19:54:37,Mercedes-Benz,SLK-Klasse,17240433.jpg,17240433295a6f.png,D198
2021-08-02,22:52:09,Smart,City,17235533.jpg,17235533be571a.png,T299
2021-08-02,22:51:19,Smart,City,17235522.jpg,17235522fb2433.png,T299
2021-08-01,19:36:12,Porsche,911,17226709.jpg,17226709da4aae.png,2897
2021-08-01,19:34:30,Porsche,911,17226692.jpg,17226692ba35e2.png,2897
2021-07-31,00:14:13,Porsche,Macan,17214025.jpg,1721402557e072.png,411H
2021-07-30,23:24:23,Volkswagen,Touran,17213685.jpg,1721368523057e.png,K347
2021-07-30,21:33:41,Rolls-Royce,Ghost,17212932.jpg,17212932cb1843.png,5356
2021-07-30,13:15:13,Bentley,Bentayga,17209856.jpg,17209856c403fe.png,2046
2021-07-30,12:19:59,Porsche,911,17209649.jpg,17209649d99034.png,U985
2021-07-30,12:19:31,Porsche,911,17209646.jpg,17209646248ed7.png,U985
2021-07-29,22:41:58,Mercedes-Benz,CLA-Klasse,17207157.jpg,172071570ff81a.png,D942
2021-07-29,20:01:57,Honda,SH,17205914.jpg,1720591428fea6.png,KC19
2021-07-29,10:42:55,Ferrari,488,17203437.jpg,172034376e6f19.png,6573
2021-07-29,10:36:54,Land,Rover,17203410.jpg,17203410fb9ba2.png,244J
2021-07-28,21:22:03,Smart,ForFour,17200393.jpg,172003934a7f24.png,7426
2021-07-28,17:31:05,Mercedes-Benz,CLS-Klasse,17198732.jpg,17198732be0dce.png,Y199
2021-07-27,21:19:50,Audi,S3,17193891.jpg,17193891556bcd.png,T860
2021-07-27,17:54:55,BMW,3,17192783.jpg,1719278327442f.png,E359
2021-07-27,10:40:27,Mercedes-Benz,C-Klasse,17190779.jpg,17190779845d5a.png,545P
2021-07-26,21:48:03,Mercedes-Benz,V-Klasse,17188667.jpg,17188667185fb3.png,224L
2021-07-26,19:44:40,Smart,ForTwo,17187753.jpg,171877534f56f9.png,P242
2021-07-26,19:27:20,Toyota,Yaris,17187601.jpg,171876010d0152.png,322K
2021-07-26,18:28:55,Lamborghini,Diablo,17187269.jpg,171872693c2c99.png,L455
2021-07-25,21:43:01,Mercedes-Benz,V-Klasse,17182461.jpg,17182461e53dba.png,052C
2021-07-25,17:16:39,Volkswagen,Tiguan,17180511.jpg,1718051183163d.png,N730
2021-07-23,23:03:23,Mercedes-Benz,GLS-Klasse,17170129.jpg,171701298fa97f.png,540F
2021-07-23,21:59:31,Peugeot,108,17169513.jpg,1716951382fe06.png,8568
2021-07-23,21:31:17,Mercedes-Benz,E-Klasse,17169185.jpg,171691851d9ccb.png,639D
2021-07-23,21:30:22,Mercedes-Benz,GLC-Klasse,17169173.jpg,17169173a8b387.png,038E
2021-07-23,20:55:59,Audi,S4,17168845.jpg,1716884576221b.png,4336
2021-07-23,18:09:48,MINI,Convertible,17167612.jpg,171676122a1680.png,L612
2021-07-23,00:28:59,Mercedes-Benz,C-Klasse,17163856.jpg,171638560ef356.png,745F
2021-07-22,22:46:36,Porsche,Macan,17162894.jpg,171628949c52bb.png,8258
2021-07-21,23:54:22,Maserati,Levante,17157305.jpg,17157305787623.png,538P
2021-07-21,23:51:32,Citroёn,C3,17157284.jpg,17157284c0a7d8.png,R960
2021-07-21,20:34:08,Bentley,Bentayga,17155579.jpg,1715557973f925.png,V781
2021-07-21,01:49:11,Mercedes-Benz,AMG,17151781.jpg,171517816bba21.png,802P
2021-07-21,01:48:43,Mercedes-Benz,AMG,17151779.jpg,17151779fe6f0f.png,802P
2021-07-20,23:45:37,Mercedes-Benz,A-Klasse,17151219.jpg,171512194064e5.png,G388
2021-07-20,23:45:10,FIAT,500X,17151212.jpg,17151212f2df35.png,468N
2021-07-20,23:43:59,Mercedes-Benz,GLC-Klasse,17151201.jpg,1715120144a846.png,6913
2021-07-20,23:41:22,Ford,Transit,17151176.jpg,1715117646aca1.png,358J
2021-07-20,22:03:05,Pagani,Zonda,17150092.jpg,1715009283d68c.png,Y668
2021-07-20,22:01:30,Ferrari,F430,17150070.jpg,17150070548713.png,E386
2021-07-20,22:00:20,Porsche,911,17150051.jpg,171500515a212c.png,P782
2021-07-20,21:59:13,Ford,,17150034.jpg,17150034b69b95.png,X965
2021-07-20,21:57:55,Bentley,Continental,17150008.jpg,17150008f14370.png,D642
2021-07-20,21:56:11,Ferrari,California,17149981.jpg,17149981658e24.png,N816
2021-07-20,21:54:52,Aston,Martin,17149959.jpg,17149959801e6e.png,G631
2021-07-20,14:35:08,Porsche,Macan,17147314.jpg,171473141fe948.png,843K
2021-07-19,16:15:04,Rolls-Royce,Wraith,17141426.jpg,17141426d910cb.png,C179
2021-07-19,16:00:06,Rolls-Royce,Wraith,17141357.jpg,17141357bb05ce.png,C179
2021-07-19,00:21:05,Mercedes-Benz,C-Klasse,17138771.jpg,17138771ba0f6c.png,745F
2021-07-18,22:11:49,Ferrari,599,17137846.jpg,17137846ef2ad9.png,J915
2021-07-18,22:10:25,Ferrari,360,17137833.jpg,17137833bd524b.png,Q602
2021-07-18,22:09:21,Ferrari,612,17137827.jpg,17137827362294.png,Q530
2021-07-18,22:07:22,Ferrari,458,17137800.jpg,17137800393793.png,S354
2021-07-18,22:06:16,Ferrari,458,17137787.jpg,17137787a9780d.png,V921
2021-07-18,22:04:41,Ferrari,550,17137771.jpg,17137771978f93.png,S550
2021-07-18,22:03:35,Ferrari,California,17137761.jpg,171377610f38d9.png,C130
2021-07-18,22:02:35,Ferrari,458,17137745.jpg,1713774597755d.png,F065
2021-07-18,22:01:25,Ferrari,California,17137734.jpg,171377340c81dd.png,V501
2021-07-18,22:00:23,Ferrari,F430,17137724.jpg,1713772405a42e.png,R306
2021-07-18,21:58:07,Ferrari,458,17137701.jpg,1713770144c025.png,K459
2021-07-18,21:57:24,Ferrari,458,17137693.jpg,1713769370f6b0.png,1772
2021-07-18,13:59:56,Peugeot,Partner,17133692.jpg,1713369214eed1.png,P651
2021-07-18,13:54:35,Jaguar,F-Pace,17133653.jpg,1713365329585a.png,969P
2021-07-18,13:54:07,Jaguar,F-Pace,17133650.jpg,171336508af9fe.png,969P
2021-07-18,00:42:29,Smart,ForTwo,17131120.jpg,171311200a8cf3.png,U772
2021-07-18,00:16:35,MINI,Countryman,17131022.jpg,17131022107095.png,378E
2021-07-17,15:03:35,Mercedes-Benz,GLC-Klasse,17127116.jpg,17127116383a55.png,3570
2021-07-17,09:59:44,Mercedes-Benz,C-Klasse,17125383.jpg,1712538378bff7.png,V685
2021-07-17,00:04:35,Smart,ForTwo,17123992.jpg,171239926dac68.png,706V
2021-07-16,22:49:36,Nissan,Qashqai,17123371.jpg,1712337102bb49.png,B223
2021-07-16,12:46:33,Vespa,P/PK/PL/PX,17119523.jpg,1711952332cf4d.png,AN41
2021-07-15,20:19:15,Audi,RS3,17115195.jpg,17115195fc55df.png,6173
2021-07-15,17:43:04,BMW,X5,17114149.jpg,171141495c9ab4.png,L122
2021-07-15,17:42:51,Land,Rover,17114146.jpg,171141462dcd07.png,K516
2021-07-15,17:42:24,Land,Rover,17114139.jpg,171141395fcd14.png,K516
2021-07-15,17:42:08,BMW,X5,17114137.jpg,171141377fae14.png,L122
2021-07-14,22:50:17,Toyota,C-HR,17110413.jpg,1711041392a35d.png,661G
2021-07-14,22:44:08,Volvo,V40,17110339.jpg,1711033907d929.png,S422
2021-07-13,21:45:11,Land,Rover,17102923.jpg,17102923ff5153.png,0406
2021-07-13,21:30:16,Land,Rover,17102758.jpg,1710275807085e.png,0406
2021-07-13,14:09:29,Maserati,Levante,17099713.jpg,1709971345bf9e.png,845V
2021-07-12,18:58:38,Porsche,Cayenne,17095626.jpg,170956262e0018.png,269B
2021-07-12,18:55:37,Porsche,Cayenne,17095608.jpg,1709560879ad82.png,269B
2021-07-12,01:37:29,Land,Rover,17092767.jpg,170927672cc097.png,429G
2021-07-12,01:36:39,Land,Rover,17092765.jpg,170927650ba8db.png,429G
2021-07-11,14:21:48,Mercedes-Benz,GLC-Klasse,17087752.jpg,170877528408a8.png,852D
2021-07-10,21:28:54,BMW,X1,17083417.jpg,17083417dfb399.png,624H
2021-07-10,21:28:09,BMW,X1,17083412.jpg,1708341299370f.png,624H
2021-07-10,21:26:07,Piaggio,MP3,17083399.jpg,17083399c14800.png,AY33
2021-07-10,18:05:12,Porsche,Macan,17081645.jpg,17081645c7d1af.png,8314
2021-07-10,18:04:40,Porsche,Macan,17081642.jpg,17081642936d84.png,8314
2021-07-09,16:43:34,Ford,Escort,17074286.jpg,17074286bdda02.png,1493
2021-07-08,20:28:00,Audi,SQ2,17069326.jpg,1706932682e721.png,F056
2021-07-08,19:04:28,Mercedes-Benz,C-Klasse,17068662.jpg,170686628e7b67.png,G183
2021-07-08,14:50:37,Audi,A4,17067472.jpg,170674728374f7.png,T794
2021-07-08,00:21:03,Volkswagen,Golf,17064719.jpg,17064719ba7890.png,R130
2021-07-07,20:49:00,Audi,Q3,17063115.jpg,17063115f2374c.png,Y269
2021-07-07,20:47:48,Audi,Q7,17063108.jpg,17063108f600be.png,K437
2021-07-07,14:10:47,Bentley,Azure,17060699.jpg,17060699a75c63.png,4979
2021-07-07,14:08:45,Bentley,Mulsanne,17060695.jpg,17060695428ffc.png,226V
2021-07-06,21:02:38,Mercedes-Benz,GLK-Klasse,17057242.jpg,17057242793ca1.png,P451
2021-07-06,21:01:38,Porsche,Cayenne,17057233.jpg,170572337686f8.png,3699
2021-07-06,19:49:49,Jaguar,E-Type,17056555.jpg,17056555ce3334.png,X994
2021-07-06,16:52:34,Audi,SQ2,17055468.jpg,1705546885ca6a.png,F056
2021-07-06,00:22:15,Mercedes-Benz,A-Klasse,17051928.jpg,170519285959bf.png,123D
2021-07-06,00:21:21,Mercedes-Benz,A-Klasse,17051921.jpg,17051921445e9e.png,123D
2021-07-05,21:57:17,Mercedes-Benz,M-Klasse,17050643.jpg,170506430b2d95.png,N499
2021-07-05,21:56:00,Ferrari,California,17050627.jpg,170506279c85c9.png,V487
2021-07-05,21:54:47,Ferrari,599,17050614.jpg,17050614c209dc.png,K728
2021-07-05,21:53:51,Bentley,Continental,17050602.jpg,17050602a06c87.png,L642
2021-07-05,20:48:09,Ferrari,599,17050050.jpg,170500501c3d48.png,1530
2021-07-05,20:48:06,Mercedes-Benz,G-Klasse,17050049.jpg,17050049668114.png,Q557
2021-07-05,20:47:11,Land,Rover,17050043.jpg,1705004399ee8e.png,D904
2021-07-05,17:12:36,Audi,A4,17048751.jpg,17048751d86a0f.png,H893
2021-07-05,13:17:44,Volkswagen,T-Roc,17047683.jpg,170476838b0f5c.png,755P
2021-07-05,13:15:50,Volkswagen,T-Roc,17047679.jpg,17047679c18c11.png,755P
2021-07-04,21:59:26,Nissan,GT-R,17044532.jpg,170445327df03a.png,0887
2021-07-04,21:58:30,Bentley,Azure,17044526.jpg,170445264f3b5c.png,9945
2021-07-04,21:57:05,Bentley,Azure,17044515.jpg,17044515a7c459.png,B356
2021-07-04,21:55:04,Jaguar,XJS,17044502.jpg,17044502943b29.png,Z354
2021-07-04,21:54:06,Rolls-Royce,Phantom,17044485.jpg,17044485eed200.png,K856
2021-07-04,21:51:46,Jaguar,XKR,17044456.jpg,17044456ed8de0.png,2821
2021-07-04,15:03:24,Audi,Q8,17041791.jpg,17041791f464c0.png,F312
2021-07-04,14:08:53,Porsche,Macan,17041475.jpg,170414752bc213.png,K657
2021-07-04,14:06:56,Ford,Puma,17041459.jpg,170414594d6258.png,541P
2021-07-04,14:05:56,Mercedes-Benz,M-Klasse,17041451.jpg,1704145127feb9.png,5766
2021-07-04,14:05:03,Abarth,500/595/695,17041447.jpg,1704144702b3c8.png,5172
2021-07-04,14:04:15,Porsche,Cayenne,17041440.jpg,17041440389741.png,U634
2021-07-04,13:36:26,McLaren,MP4-12C,17041163.jpg,17041163eb6257.png,Q921
2021-07-04,13:26:21,Porsche,911,17041083.jpg,170410832a0afc.png,V248
2021-07-03,22:37:11,Audi,A3,17037320.jpg,170373207e4444.png,B308
2021-07-03,22:36:14,Audi,A3,17037314.jpg,170373149f6cc8.png,B308
2021-07-03,19:39:13,Cadillac,Eldorado,17036095.jpg,1703609573cb58.png,0699
2021-07-03,17:36:56,Ferrari,Portofino,17035522.jpg,170355227df17d.png,4158
2021-07-03,17:36:20,Ferrari,Portofino,17035516.jpg,17035516d36031.png,4158
2021-07-03,17:01:00,Mercedes-Benz,SLS,17035340.jpg,170353402d024e.png,L058
2021-07-03,16:45:06,Mercedes-Benz,SLS,17035302.jpg,17035302a5cf33.png,L058
2021-07-03,02:02:33,Ferrari,360,17032146.jpg,17032146f242c6.png,7092
2021-07-03,02:01:20,Ferrari,California,17032138.jpg,170321382db8b5.png,F738
2021-07-03,01:59:55,Porsche,Cayenne,17032132.jpg,170321325bb0c3.png,9571
2021-07-03,01:56:46,Bentley,Continental,17032114.jpg,1703211450b2e7.png,T594
2021-07-03,00:58:54,MINI,Hatch,17031978.jpg,1703197894ebb0.png,B675
2021-07-02,19:39:07,Mercedes-Benz,Vito,17030089.jpg,170300896486d9.png,F862
2021-07-02,19:37:19,Mercedes-Benz,Vito,17030073.jpg,170300736465e7.png,F862
2021-07-02,10:37:23,Alfa,Romeo,17027236.jpg,17027236385f1b.png,J107
2021-07-02,01:16:00,Bentley,Continental,17026102.jpg,1702610261236a.png,1167
2021-07-02,00:44:56,Nissan,NV200,17025966.jpg,170259665ab97f.png,742C
2021-07-02,00:43:43,Nissan,NV200,17025957.jpg,1702595796538e.png,742C
2021-06-29,23:36:01,Renault,Kangoo,17013125.jpg,170131253682c9.png,G302
2021-06-29,23:01:03,Bentley,Bentayga,17012825.jpg,170128255d76d2.png,J031
2021-06-29,22:58:41,Porsche,911,17012807.jpg,17012807b632bc.png,P399
2021-06-29,22:54:47,Audi,RS3,17012788.jpg,17012788f73d70.png,191C
2021-06-29,21:27:16,BMW,X3,17012156.jpg,17012156fecee5.png,Q093
2021-06-29,21:27:01,BMW,X3,17012154.jpg,17012154d3715a.png,Q093
2021-06-28,22:34:54,Renault,Clio,17006535.jpg,1700653594f5ed.png,811B
2021-06-28,19:59:06,Lamborghini,Miura,17005261.jpg,17005261f24c9a.png,192W
2021-06-28,13:41:53,Porsche,911,17003484.jpg,17003484ae2d10.png,X166
2021-06-27,02:17:30,Audi,A4,16994821.jpg,1699482156e0de.png,Q085
2021-06-26,20:28:43,Land,Rover,16992769.jpg,16992769c4cff9.png,882B
2021-06-26,20:27:05,Rolls-Royce,Ghost,16992758.jpg,16992758bf38b9.png,Z105
2021-06-25,20:08:11,Mercedes-Benz,C-Klasse,16986364.jpg,16986364aac985.png,1447
2021-06-24,22:26:21,Renault,Laguna,16981713.jpg,16981713b1231f.png,Q552
2021-06-24,22:24:38,Jaguar,E-Type,16981700.jpg,16981700ed463a.png,9068
2021-06-24,20:44:35,MINI,Convertible,16981131.jpg,16981131796e9f.png,C610
2021-06-24,20:44:14,MINI,Convertible,16981130.jpg,1698113021b5af.png,C610
2021-06-24,19:38:41,Tesla,Model,16980774.jpg,169807742b81a0.png,U337
2021-06-24,17:40:55,FIAT,500,16980041.jpg,16980041725b74.png,0209
2021-06-24,13:32:40,Audi,A6,16978920.jpg,169789205eb451.png,8419
2021-06-24,12:10:21,BMW,X6M,16978617.jpg,16978617c7961c.png,P881
2021-06-23,22:40:36,Audi,Q3,16976329.jpg,16976329cb2760.png,085E
2021-06-23,20:49:27,Lancia,Delta,16975467.jpg,16975467a95738.png,K519
2021-06-23,16:41:18,Ferrari,F8,16974082.jpg,169740822ae2d3.png,J150
2021-06-23,16:26:56,Ferrari,488,16974026.jpg,16974026214b29.png,V593
2021-06-23,13:36:23,Audi,S3,16973358.jpg,16973358a910b7.png,T860
2021-06-23,13:35:30,Alfa,Romeo,16973350.jpg,169733505ee9e5.png,F172
2021-06-22,12:57:30,BMW,3,16967944.jpg,169679440e3155.png,511K
2021-06-21,21:38:52,Mercedes-Benz,CLA-Klasse,16964810.jpg,16964810d5cbe8.png,M814
2021-06-21,20:28:50,Smart,ForTwo,16964098.jpg,16964098855de1.png,L387
2021-06-21,16:10:29,Toyota,GT86,16962916.jpg,16962916146d6e.png,954G
2021-06-21,16:10:00,Toyota,GT86,16962911.jpg,1696291101b8e8.png,954G
2021-06-21,16:08:03,Land,Rover,16962897.jpg,169628974b7ff6.png,958G
2021-06-21,16:07:36,Land,Rover,16962895.jpg,16962895d7439c.png,958G
2021-06-19,19:41:44,Volvo,XC40,16951205.jpg,16951205d811b0.png,0352
2021-06-19,19:40:36,Volvo,XC40,16951200.jpg,1695120095cdd6.png,0352
2021-06-19,15:49:39,Porsche,911,16949658.jpg,169496582b3297.png,P589
2021-06-19,01:02:46,Ferrari,F430,16946751.jpg,1694675113510b.png,8055
2021-06-19,01:01:48,Rolls-Royce,Phantom,16946746.jpg,16946746664a5c.png,E923
2021-06-19,01:00:38,Porsche,911,16946733.jpg,16946733df50bc.png,R111
2021-06-19,00:59:32,Mercedes-Benz,SL-Klasse,16946726.jpg,169467266de280.png,B668
2021-06-19,00:58:23,Chevrolet,Camaro,16946722.jpg,16946722eae650.png,L033
2021-06-19,00:57:31,Mercedes-Benz,C-Klasse,16946718.jpg,16946718e3815a.png,B917
2021-06-19,00:56:16,Audi,RS6,16946709.jpg,16946709768d51.png,U585
2021-06-18,00:02:21,Mercedes-Benz,A-Klasse,16940643.jpg,16940643acb2e7.png,S915
2021-06-18,00:01:50,Mercedes-Benz,A-Klasse,16940639.jpg,1694063972f526.png,S915
2021-06-17,19:32:21,Alpine,A110,16938279.jpg,16938279a707d9.png,S782
2021-06-16,18:57:04,Mercedes-Benz,B-Klasse,16932140.jpg,16932140b1c1ce.png,242D
2021-06-16,18:56:27,Mercedes-Benz,B-Klasse,16932136.jpg,169321363e21cf.png,242D
2021-06-16,01:19:34,Audi,RS4,16929120.jpg,169291205bce8e.png,1791
2021-06-16,01:17:56,Ferrari,F430,16929117.jpg,16929117739e4e.png,7603
2021-06-16,01:16:54,Bentley,Azure,16929114.jpg,16929114e088c7.png,U141
2021-06-16,01:13:59,Rolls-Royce,Camargue,16929103.jpg,16929103e59e4f.png,X736
2021-06-16,01:12:10,Bentley,Continental,16929095.jpg,16929095528866.png,N222
2021-06-16,01:11:08,BMW,M6,16929092.jpg,16929092eb35ad.png,2397
2021-06-16,01:10:14,Ferrari,458,16929088.jpg,169290883b960c.png,V688
2021-06-16,01:09:16,Bentley,Continental,16929085.jpg,1692908574e0c6.png,F867
2021-06-16,01:07:38,Maserati,GranTurismo,16929079.jpg,16929079a6a087.png,M901
2021-06-15,21:06:39,Mercedes-Benz,SLR,16927383.jpg,1692738313d17f.png,9604
2021-06-15,21:05:46,Ford,Focus,16927373.jpg,16927373395e18.png,F553
2021-06-15,21:03:48,Mercedes-Benz,SLR,16927351.jpg,16927351d48c3a.png,Q888
2021-06-15,21:02:58,Abarth,500/595/695,16927339.jpg,16927339cd6408.png,R193
2021-06-15,21:01:56,Audi,RS6,16927330.jpg,1692733031d5cd.png,7029
2021-06-15,21:01:15,Lamborghini,Murcielago,16927324.jpg,1692732401bfc7.png,T745
2021-06-15,21:00:09,Porsche,Cayenne,16927311.jpg,169273110cbbb9.png,G296
2021-06-15,09:00:17,Lexus,NX,16923915.jpg,169239159193ee.png,V123
2021-06-14,23:59:12,Maserati,Quattroporte,16922955.jpg,16922955e8b0c7.png,K168
2021-06-14,23:55:12,Porsche,911,16922927.jpg,16922927b3390d.png,V228
2021-06-14,23:53:02,Porsche,911,16922911.jpg,169229112559b7.png,R471
2021-06-14,19:37:54,AC,Cobra,16920595.jpg,16920595a1f07a.png,247X
2021-06-14,17:10:41,FIAT,500X,16919720.jpg,1691972051ae6d.png,0380
2021-06-13,19:06:04,Renault,Dauphine,16912982.jpg,1691298214a19b.png,X399
2021-06-13,15:33:09,BMW,4,16911724.jpg,16911724f14422.png,024D
2021-06-13,14:38:48,Mercedes-Benz,S-Klasse,16911388.jpg,16911388ab1633.png,J503
2021-06-12,21:37:30,Bentley,Continental,16907023.jpg,16907023c31f91.png,6436
2021-06-12,20:57:34,Audi,RS,16906807.jpg,16906807ad52ea.png,138P
2021-06-12,20:57:03,Audi,RS,16906804.jpg,16906804ed2166.png,138P
2021-06-12,01:23:32,BMW,M5,16902690.jpg,169026901e013a.png,J069
2021-06-12,01:22:28,Mercedes-Benz,E-Klasse,16902685.jpg,1690268583d3d7.png,P277
2021-06-12,01:21:43,Porsche,911,16902682.jpg,16902682264c1b.png,G933
2021-06-12,01:20:49,Ford,Mustang,16902678.jpg,16902678274507.png,5703
2021-06-12,01:19:57,Mercedes-Benz,SL-Klasse,16902676.jpg,16902676ffe63e.png,6918
2021-06-12,01:18:53,Porsche,911,16902672.jpg,169026725c4497.png,8152
2021-06-12,01:18:14,Porsche,911,16902668.jpg,16902668ce7b35.png,0571
2021-06-12,01:17:36,Porsche,Cayenne,16902663.jpg,16902663e5f5fb.png,2680
2021-06-12,01:16:51,Rolls-Royce,Phantom,16902662.jpg,16902662a1bf16.png,2660
2021-06-11,19:53:24,Maserati,Levante,16900533.jpg,16900533a2f1e4.png,H192
2021-06-10,23:57:09,Mercedes-Benz,GLE-Klasse,16896735.jpg,16896735d393ad.png,K386
2021-06-10,23:28:39,Mercedes-Benz,V-Klasse,16896533.jpg,168965331db9b2.png,368B
2021-06-10,20:24:43,Mercedes-Benz,GLA-Klasse,16894942.jpg,16894942285186.png,4606
2021-06-09,21:13:27,Land,Rover,16889638.jpg,16889638c2f4c5.png,9213
2021-06-09,19:11:33,Audi,RS,16888593.jpg,16888593436762.png,170P
2021-06-09,13:50:22,Mercedes-Benz,S-Klasse,16887118.jpg,16887118a13022.png,314N
2021-06-08,23:47:39,Toyota,Yaris,16885088.jpg,168850880f9b02.png,N030
2021-06-08,23:46:52,Toyota,Yaris,16885084.jpg,168850849d1092.png,N030
2021-06-08,21:15:38,Mercedes-Benz,C-Klasse,16883639.jpg,168836391638ba.png,191H
2021-06-07,18:57:15,Mercedes-Benz,E-Klasse,16876318.jpg,16876318f5dfc0.png,T581
2021-06-06,21:34:14,Mercedes-Benz,A-Klasse,16871302.jpg,16871302c9f22f.png,254F
2021-06-06,14:17:16,FIAT,Ducato,16867878.jpg,168678786bc0d0.png,T119
2021-06-06,00:53:06,Porsche,911,16865126.jpg,168651268b64d4.png,G587
2021-06-06,00:48:53,Ford,GT,16865114.jpg,168651143c727b.png,D406
2021-06-06,00:47:42,Ferrari,488,16865104.jpg,168651048a199d.png,N616
2021-06-06,00:35:14,Porsche,911,16865021.jpg,1686502101ec32.png,991R
2021-06-06,00:34:03,Audi,RS4,16865013.jpg,16865013c2fd00.png,C371
2021-06-06,00:29:33,Renault,17,16864974.jpg,168649742b9bed.png,747X
2021-06-06,00:13:37,Mercedes-Benz,C-Klasse,16864869.jpg,1686486931db7c.png,Y368
2021-06-06,00:11:43,Mercedes-Benz,SL-Klasse,16864857.jpg,16864857a9abf4.png,147H
2021-06-06,00:10:36,Ferrari,488,16864846.jpg,16864846092664.png,070F
2021-06-06,00:05:56,Porsche,911,16864810.jpg,168648102b13f8.png,085C
2021-06-06,00:04:09,Mercedes-Benz,SLK-Klasse,16864793.jpg,168647934ba0f8.png,S478
2021-06-06,00:02:58,HUMMER,H1,16864783.jpg,16864783cc09c5.png,H981
2021-06-06,00:00:49,Audi,RS6,16864765.jpg,1686476563f970.png,474B
2021-06-05,23:59:26,Porsche,911,16864752.jpg,168647528eb956.png,U654
2021-06-05,23:58:08,Autobianchi,Bianchina,16864744.jpg,168647442f0ba1.png,597X
2021-06-05,23:55:41,Ferrari,488,16864730.jpg,16864730807273.png,Z281
2021-06-05,23:49:24,Porsche,911,16864678.jpg,16864678ffb810.png,452H
2021-06-05,23:48:05,Bentley,Continental,16864668.jpg,16864668453057.png,777J
2021-06-05,23:46:46,Smart,ForTwo,16864659.jpg,16864659965a23.png,246C
2021-06-05,23:45:30,Audi,TT,16864652.jpg,16864652a3f238.png,G477
2021-06-05,23:41:29,Mercedes-Benz,A-Klasse,16864618.jpg,16864618d61134.png,F077
2021-06-05,23:40:27,Ferrari,488,16864610.jpg,168646103652a6.png,3383
2021-06-05,18:37:01,Porsche,Cayenne,16862103.jpg,16862103762a34.png,S458
2021-06-05,02:03:01,Ferrari,458,16858207.jpg,1685820728a21f.png,4824
2021-06-05,02:00:09,Maserati,Ghibli,16858201.jpg,16858201cb881d.png,7858
2021-06-05,01:59:12,Smart,ForTwo,16858198.jpg,168581987b994c.png,S977
2021-06-05,01:55:00,BMW,M4,16858192.jpg,16858192e257da.png,9371
2021-06-05,01:53:29,Ferrari,Testarossa,16858188.jpg,168581887bbf54.png,831D
2021-06-05,01:52:17,Porsche,Panamera,16858185.jpg,168581852f8380.png,P604
2021-06-05,01:50:55,Ferrari,458,16858183.jpg,16858183f13988.png,292H
2021-06-04,23:05:29,BMW,3,16857251.jpg,16857251e23642.png,705P
2021-06-04,01:01:38,Mercedes-Benz,AMG,16852029.jpg,168520298753ea.png,116C
2021-06-04,01:00:25,Audi,RS3,16852024.jpg,16852024421db3.png,2163
2021-06-04,00:57:12,Lamborghini,Huracán,16852016.jpg,16852016aa4088.png,9242
2021-06-04,00:55:22,Audi,RS4,16852015.jpg,16852015631bb5.png,0413
2021-06-03,21:05:07,Audi,S3,16850194.jpg,168501948f0851.png,633D
2021-06-03,19:55:58,Land,Rover,16849486.jpg,1684948679fed7.png,U747
2021-06-03,19:51:23,Land,Rover,16849445.jpg,16849445d2b103.png,U747
2021-06-03,02:48:08,Ferrari,360,16845618.jpg,16845618238286.png,9134
2021-06-03,01:59:31,Smart,ForTwo,16845541.jpg,168455411a79f3.png,D271
2021-06-03,01:56:44,Porsche,911,16845533.jpg,16845533264c75.png,7992
2021-06-03,01:54:18,Porsche,918,16845524.jpg,168455247d897c.png,Z169
2021-06-03,01:52:37,Ferrari,488,16845519.jpg,16845519ee8705.png,051E
2021-06-03,01:51:26,Mercedes-Benz,C-Klasse,16845515.jpg,16845515487441.png,M011
2021-06-03,01:49:49,Maserati,Ghibli,16845509.jpg,16845509a04528.png,G799
2021-06-03,01:48:44,Jaguar,F-Pace,16845503.jpg,16845503a52350.png,864G
2021-06-03,01:47:33,Audi,RS5,16845500.jpg,16845500b52998.png,5666
2021-06-03,01:45:57,Ferrari,812,16845495.jpg,168454950583f5.png,711S
2021-06-03,01:43:33,Porsche,911,16845485.jpg,16845485870bc2.png,T360
2021-06-02,13:13:56,Iveco,Daily,16841371.jpg,168413717d177c.png,2870
2021-06-02,11:47:18,SEAT,Ibiza,16840931.jpg,168409314304be.png,K495
2021-06-02,11:23:00,Mercedes-Benz,Viano,16840875.jpg,16840875154837.png,K547
2021-06-02,11:22:33,Mercedes-Benz,Viano,16840874.jpg,16840874ddd278.png,K547
2021-06-01,23:10:18,Toyota,Yaris,16838796.jpg,16838796ad079f.png,J032
2021-06-01,16:02:20,Audi,S8,16835454.jpg,168354546cc599.png,1723
2021-06-01,16:01:54,Audi,S8,16835451.jpg,168354517f8d2a.png,1723
2021-05-31,16:41:46,Smart,ForTwo,16828958.jpg,16828958d2036a.png,2566
2021-05-31,09:38:46,Aston,Martin,16827155.jpg,16827155f35e5c.png,115S
2021-05-31,00:43:09,Audi,A4,16826540.jpg,16826540cf2526.png,119K
2021-05-30,21:49:27,Audi,A4,16825132.jpg,168251322ecd68.png,Y209
2021-05-30,20:11:13,Audi,Q5,16824160.jpg,16824160761058.png,803D
2021-05-30,19:48:36,MINI,Hatch,16823888.jpg,16823888c2d68e.png,899F
2021-05-30,16:21:06,Bentley,Continental,16822485.jpg,16822485e6aefc.png,3027
2021-05-30,01:20:06,Mercedes-Benz,S-Klasse,16819133.jpg,16819133ee0b48.png,Z228
2021-05-29,10:56:38,Audi,RS4,16813138.jpg,16813138df961e.png,239K
2021-05-29,10:54:50,Aston,Martin,16813128.jpg,1681312838b038.png,V833
2021-05-29,10:53:47,Lamborghini,Miura,16813123.jpg,16813123cb2722.png,X594
2021-05-29,10:52:49,Lamborghini,LM-002,16813118.jpg,168131186091c9.png,224X
2021-05-29,01:44:21,Ferrari,FF,16812078.jpg,16812078325143.png,H424
2021-05-29,01:42:09,BMW,6,16812072.jpg,168120720810d6.png,857F
2021-05-29,01:29:50,,,16812024.jpg,1681202400b62a.png,L003
2021-05-29,01:25:54,Mercedes-Benz,G-Klasse,16812005.jpg,1681200587777d.png,2395
2021-05-29,01:23:35,Porsche,911,16811995.jpg,1681199595aa88.png,3487
2021-05-29,00:43:34,Land,Rover,16811734.jpg,1681173446f943.png,534D
2021-05-29,00:42:06,Rolls-Royce,Phantom,16811724.jpg,1681172410215b.png,173K
2021-05-29,00:40:12,Ferrari,458,16811701.jpg,16811701f8b1be.png,B839
2021-05-29,00:39:19,Audi,RS,16811691.jpg,168116913742fe.png,R868
2021-05-29,00:38:11,Bentley,Continental,16811680.jpg,168116805d9e5d.png,1861
2021-05-29,00:37:03,Porsche,911,16811671.jpg,168116712fffc6.png,194J
2021-05-29,00:33:23,Bentley,Continental,16811640.jpg,168116400fdcb3.png,608H
2021-05-29,00:29:38,Ferrari,F40,16811613.jpg,16811613a19ea4.png,4018
2021-05-29,00:28:27,Mercedes-Benz,GLC-Klasse,16811606.jpg,1681160666b306.png,063K
2021-05-29,00:27:24,BMW,M2,16811600.jpg,168116005e55ec.png,9979
2021-05-29,00:23:00,FIAT,500,16811566.jpg,168115668b12e1.png,N165
2021-05-28,21:41:39,Jaguar,F-Type,16810245.jpg,168102452d63d4.png,168G
2021-05-28,21:38:39,Lamborghini,Huracán,16810202.jpg,16810202f4b03c.png,255J
2021-05-28,21:36:45,Wiesmann,MF5,16810172.jpg,1681017254b859.png,688C
2021-05-28,21:34:40,Rolls-Royce,Wraith,16810145.jpg,16810145db79f3.png,6413
2021-05-28,21:33:26,Mercedes-Benz,SL-Klasse,16810125.jpg,1681012566bfa5.png,K192
2021-05-28,21:31:15,Ford,Mustang,16810089.jpg,16810089842924.png,311H
2021-05-28,21:28:36,Rolls-Royce,Ghost,16810063.jpg,16810063bd4368.png,E669
2021-05-28,21:23:41,Audi,RS4,16810019.jpg,1681001929ef32.png,1339
2021-05-28,01:21:34,Mitsubishi,Lancer,16805550.jpg,16805550d36454.png,T894
2021-05-27,22:56:59,Ferrari,F355,16804596.jpg,1680459605ca36.png,H289
2021-05-27,22:48:22,Honda,Civic,16804502.jpg,1680450257561d.png,B552
2021-05-27,22:44:28,Ferrari,488,16804465.jpg,16804465d09b86.png,478V
2021-05-27,22:43:21,Bentley,Continental,16804458.jpg,16804458801031.png,157J
2021-05-27,22:41:57,Alfa,Romeo,16804442.jpg,1680444204599c.png,C784
2021-05-27,22:40:37,Bentley,Continental,16804432.jpg,168044329f7b85.png,168K
2021-05-27,22:38:54,Porsche,911,16804421.jpg,16804421714027.png,S275
2021-05-27,22:37:32,Ferrari,Portofino,16804405.jpg,16804405f52e7a.png,442H
2021-05-27,22:35:59,Porsche,Panamera,16804396.jpg,16804396c2b304.png,C485
2021-05-27,22:06:54,Mercedes-Benz,S-Klasse,16804123.jpg,16804123f16d4a.png,S379
2021-05-27,22:05:34,Ferrari,Portofino,16804111.jpg,16804111893d31.png,G999
2021-05-27,21:57:05,Bentley,Continental,16804044.jpg,168040446c3f88.png,505L
2021-05-27,21:54:01,McLaren,720S,16804010.jpg,16804010dc60e1.png,1917
2021-05-27,21:52:30,Porsche,Panamera,16803989.jpg,168039894de971.png,395C
2021-05-27,21:51:19,Rolls-Royce,Cullinan,16803977.jpg,16803977e81124.png,G256
2021-05-27,21:49:04,Bentley,Continental,16803953.jpg,16803953e66992.png,E686
2021-05-27,01:12:52,Aston,Martin,16798909.jpg,16798909fedaf3.png,833B
2021-05-27,01:10:11,Renault,5,16798899.jpg,16798899094976.png,3166
2021-05-27,01:09:03,Mercedes-Benz,E-Klasse,16798895.jpg,167988951fb62b.png,9640
2021-05-27,01:05:59,Rolls-Royce,Cullinan,16798887.jpg,16798887e3b56c.png,H139
2021-05-27,01:04:38,Mercedes-Benz,SLC-Klasse,16798883.jpg,167988838484fc.png,F303
2021-05-26,23:59:55,Ferrari,GTC4,16798599.jpg,167985997cb2a3.png,R471
2021-05-26,23:58:58,Lamborghini,Urus,16798592.jpg,1679859211b0eb.png,892G
2021-05-26,21:32:18,Bentley,Continental,16797453.jpg,167974531f86cc.png,R148
2021-05-26,21:29:41,Smart,ForTwo,16797432.jpg,16797432dfc32f.png,0212
2021-05-26,21:27:59,BMW,8,16797419.jpg,16797419da089a.png,843B
2021-05-26,21:26:33,HUMMER,H3,16797409.jpg,16797409fe0389.png,2358
2021-05-26,21:25:18,Land,Rover,16797400.jpg,167974007f05d4.png,H491
2021-05-26,21:24:04,Mercedes-Benz,GLE-Klasse,16797390.jpg,16797390087392.png,M991
2021-05-26,21:20:21,Lamborghini,Huracán,16797364.jpg,16797364c57445.png,8129
2021-05-26,01:08:00,Aston,Martin,16792050.jpg,16792050463c8b.png,T250
2021-05-26,01:06:34,Lamborghini,Huracán,16792041.jpg,16792041140d69.png,B770
2021-05-26,01:05:10,Aston,Martin,16792036.jpg,16792036ccac57.png,9144
2021-05-26,01:04:05,Porsche,911,16792028.jpg,16792028c65de4.png,7203
2021-05-26,00:44:42,Mercedes-Benz,AMG,16791970.jpg,167919704ade98.png,419H
2021-05-26,00:43:20,Porsche,911,16791967.jpg,1679196739dd56.png,059E
2021-05-26,00:39:18,Porsche,Cayenne,16791957.jpg,16791957a0092b.png,H020
2021-05-26,00:39:17,Mercedes-Benz,G-Klasse,16791956.jpg,167919560cc286.png,577X
2021-05-26,00:38:35,Porsche,Cayenne,16791953.jpg,1679195351c5c5.png,H020
2021-05-26,00:34:25,Maserati,GranTurismo,16791945.jpg,16791945bba716.png,M384
2021-05-26,00:32:58,Mercedes-Benz,A-Klasse,16791941.jpg,167919415d0dff.png,D593
2021-05-26,00:25:42,BMW,M3,16791905.jpg,167919050308ff.png,S864
2021-05-26,00:19:25,BMW,Z8,16791877.jpg,1679187726d82b.png,Z800
2021-05-26,00:17:56,Ferrari,812,16791868.jpg,1679186879e11b.png,K451
2021-05-26,00:16:52,Porsche,Macan,16791860.jpg,16791860a26f03.png,4697
2021-05-25,21:59:03,Mercedes-Benz,A-Klasse,16790658.jpg,16790658ac34ae.png,L957
2021-05-25,21:57:47,Rolls-Royce,Cullinan,16790649.jpg,16790649a83439.png,717H
2021-05-25,21:56:32,Porsche,911,16790638.jpg,16790638c307bb.png,6595
2021-05-25,21:55:08,Ferrari,550,16790622.jpg,16790622d09097.png,C019
2021-05-25,21:54:15,Rolls-Royce,Wraith,16790611.jpg,16790611918e95.png,4056
2021-05-25,21:53:21,Audi,RS6,16790605.jpg,167906056faf78.png,N113
2021-05-25,21:51:53,Rolls-Royce,Dawn,16790593.jpg,16790593d38ebe.png,E891
2021-05-25,21:50:34,Audi,RS6,16790582.jpg,16790582c475e5.png,U585
2021-05-25,21:48:21,Mercedes-Benz,GLC-Klasse,16790563.jpg,167905634dff24.png,V508
2021-05-25,21:43:41,Porsche,911,16790521.jpg,16790521ed37eb.png,F548
2021-05-25,15:41:44,ARCA,Europa,16787949.jpg,16787949e47af4.png,P782
2021-05-25,15:22:37,ARCA,Europa,16787828.jpg,16787828d3921a.png,P782
2021-05-25,15:18:06,Lexus,NX,16787811.jpg,1678781140e28e.png,4374
2021-05-25,15:13:55,Lexus,NX,16787793.jpg,16787793471eef.png,4374
2021-05-24,23:23:46,Audi,RS3,16784945.jpg,167849452d16ac.png,M378
2021-05-24,23:22:08,Bentley,Continental,16784924.jpg,16784924e5c0e0.png,V654
2021-05-24,23:20:56,Mercedes-Benz,C-Klasse,16784917.jpg,16784917edf8ad.png,506H
2021-05-24,23:19:47,Lamborghini,Gallardo,16784909.jpg,16784909c220ec.png,574H
2021-05-24,23:18:23,BMW,M4,16784903.jpg,16784903f72239.png,K639
2021-05-24,23:16:33,Mercedes-Benz,SL-Klasse,16784880.jpg,167848808512be.png,X672
2021-05-24,23:15:02,Bentley,Bentayga,16784865.jpg,167848656d975b.png,3371
2021-05-24,23:13:58,Aston,Martin,16784853.jpg,16784853381c8e.png,2769
2021-05-24,23:12:55,Porsche,911,16784838.jpg,16784838c4c5ec.png,448H
2021-05-24,23:01:55,Bentley,Continental,16784712.jpg,16784712429e35.png,262G
2021-05-24,23:00:46,Mercedes-Benz,G-Klasse,16784709.jpg,1678470900d3b4.png,455F
2021-05-24,22:56:05,Mercedes-Benz,G-Klasse,16784674.jpg,16784674618f01.png,585G
2021-05-24,22:55:01,Porsche,Panamera,16784663.jpg,1678466303bf3c.png,B917
2021-05-24,22:53:53,Ferrari,550,16784658.jpg,1678465865ff37.png,J227
2021-05-24,18:32:31,Bugatti,Type,16782363.jpg,16782363af34cf.png,X851
2021-05-24,09:43:52,Iveco,Daily,16779355.jpg,1677935589504e.png,3208
2021-05-24,09:41:51,Mercedes-Benz,Sprinter,16779346.jpg,16779346c01524.png,G807
2021-05-24,09:39:34,Porsche,Cayenne,16779337.jpg,167793372dbf43.png,U430
2021-05-23,19:08:43,Land,Rover,16775272.jpg,167752724e0054.png,675H
2021-05-23,00:35:20,McLaren,720S,16770647.jpg,16770647334d29.png,J262
2021-05-23,00:31:43,Porsche,911,16770618.jpg,16770618400320.png,095K
2021-05-23,00:29:50,Alfa,Romeo,16770611.jpg,16770611b56dcd.png,5507
2021-05-23,00:24:05,Porsche,Panamera,16770575.jpg,16770575a012a9.png,0737
2021-05-23,00:22:51,Aston,Martin,16770569.jpg,16770569237477.png,S354
2021-05-23,00:20:56,Porsche,911,16770559.jpg,16770559a0b53b.png,Z035
2021-05-22,23:54:33,Hyundai,Santa,16770390.jpg,167703905eaebb.png,515N
2021-05-22,23:53:47,Hyundai,Santa,16770382.jpg,16770382087304.png,515N
2021-05-22,23:51:11,Audi,A3,16770365.jpg,1677036558c4a3.png,790J
2021-05-22,23:50:29,Audi,A3,16770359.jpg,16770359473760.png,790J
2021-05-22,23:45:09,Rolls-Royce,Ghost,16770310.jpg,16770310d2742d.png,Z147
2021-05-22,23:31:14,Smart,ForTwo,16770188.jpg,167701881e0859.png,Z062
2021-05-22,23:29:28,Audi,RS3,16770162.jpg,16770162f6736a.png,Q957
2021-05-22,23:28:31,Rolls-Royce,Wraith,16770149.jpg,16770149b3ff51.png,737G
2021-05-22,23:25:23,Mercedes-Benz,A-Klasse,16770121.jpg,16770121b77b2d.png,D544
2021-05-22,23:24:18,Smart,ForTwo,16770114.jpg,167701145a4774.png,8121
2021-05-22,23:21:48,Bentley,Bentayga,16770095.jpg,167700950f58ba.png,Y821
2021-05-22,23:20:54,McLaren,720S,16770078.jpg,16770078009a1b.png,F878
2021-05-22,23:19:48,Mercedes-Benz,G-Klasse,16770070.jpg,167700704a5013.png,9085
2021-05-22,23:18:37,Mercedes-Benz,GLC-Klasse,16770056.jpg,16770056d42a14.png,J412
2021-05-22,23:17:14,LTI,TX,16770044.jpg,16770044566ec6.png,3818
2021-05-22,23:15:46,Mercedes-Benz,AMG,16770032.jpg,1677003221bb15.png,179J
2021-05-22,23:13:27,Mercedes-Benz,AMG,16770013.jpg,16770013e211b3.png,658C
2021-05-22,23:12:20,Land,Rover,16770002.jpg,167700027f5733.png,9691
2021-05-22,23:11:11,FIAT,500,16769994.jpg,16769994186eac.png,823X
2021-05-22,23:09:46,Aston,Martin,16769984.jpg,1676998480adef.png,G860
2021-05-21,20:50:17,Maserati,Ghibli,16761897.jpg,1676189791f7e1.png,466H
2021-05-21,20:46:40,Porsche,Cayenne,16761879.jpg,1676187993195f.png,M878
2021-05-21,19:46:15,MINI,Countryman,16761439.jpg,16761439de37a1.png,U687
2021-05-21,19:41:58,Rolls-Royce,Phantom,16761408.jpg,16761408c91010.png,4625
2021-05-21,19:40:14,Lamborghini,Urus,16761396.jpg,167613960061ad.png,Z198
2021-05-21,19:38:22,Bentley,Bentayga,16761382.jpg,1676138246f008.png,E764
2021-05-21,19:37:10,Porsche,911,16761374.jpg,16761374d19daf.png,S096
2021-05-21,19:35:36,Mercedes-Benz,AMG,16761364.jpg,167613640a641d.png,5757
2021-05-21,19:23:07,Ferrari,F12berlinetta,16761280.jpg,16761280763fe8.png,9991
2021-05-21,19:22:13,Mercedes-Benz,GLE-Klasse,16761275.jpg,16761275d39d87.png,691C
2021-05-21,19:21:07,Porsche,Cayman,16761267.jpg,16761267f097f8.png,S577
2021-05-21,19:18:49,Mercedes-Benz,CLA-Klasse,16761254.jpg,16761254ee67d2.png,V522
2021-05-21,19:17:36,Lamborghini,Murcielago,16761250.jpg,16761250b1a2eb.png,335F
2021-05-21,19:16:34,Mercedes-Benz,S-Klasse,16761245.jpg,16761245d9fdde.png,J008
2021-05-21,19:14:10,Audi,S8,16761233.jpg,167612337ca405.png,C219
2021-05-21,19:12:53,Infiniti,Q40/Q50/Q60/G-series,16761230.jpg,167612309eef76.png,2910
2021-05-21,19:11:46,Bentley,Continental,16761226.jpg,167612263eb3ff.png,763H
2021-05-21,19:09:10,McLaren,720S,16761218.jpg,167612187a8d7c.png,576D
2021-05-21,11:09:13,Mercedes-Benz,GLE-Klasse,16760114.jpg,167601140c4250.png,C506
2021-05-21,00:34:53,Porsche,Macan,16758525.jpg,16758525ad0b22.png,P388
2021-05-21,00:31:46,Porsche,Macan,16758513.jpg,16758513e30bee.png,866F
2021-05-21,00:30:33,Bentley,Continental,16758508.jpg,167585089e283f.png,124G
2021-05-21,00:29:02,Porsche,911,16758500.jpg,167585009b55a8.png,U281
2021-05-20,23:08:55,Porsche,911,16758012.jpg,1675801290e551.png,Q740
2021-05-20,23:07:44,Porsche,911,16757999.jpg,167579995d1668.png,3724
2021-05-20,23:05:36,Porsche,Macan,16757983.jpg,16757983284c2d.png,R696
2021-05-20,23:02:37,Mercedes-Benz,A-Klasse,16757959.jpg,16757959b1283e.png,K515
2021-05-20,22:59:36,Ferrari,488,16757935.jpg,16757935ed0560.png,M550
2021-05-20,22:58:30,BMW,M2,16757929.jpg,16757929afa70d.png,277H
2021-05-20,22:53:42,Ferrari,488,16757894.jpg,1675789466d8f9.png,R083
2021-05-20,22:52:12,BMW,M2,16757886.jpg,1675788673b5a1.png,032H
2021-05-20,12:47:50,BMW,7,16754338.jpg,16754338eb2fef.png,P840
2021-05-20,11:50:56,Bentley,Continental,16754040.jpg,1675404009b937.png,879D
2021-05-20,11:49:21,Porsche,Macan,16754027.jpg,167540276ae3fb.png,H162
2021-05-20,11:48:14,Mercedes-Benz,A-Klasse,16754016.jpg,16754016496521.png,396F
2021-05-20,11:47:01,Maserati,Levante,16754008.jpg,1675400823df87.png,053F
2021-05-20,11:45:39,Porsche,911,16753996.jpg,16753996d43c43.png,4273
2021-05-20,00:42:32,Land,Rover,16752359.jpg,167523595d6f0d.png,4171
2021-05-19,17:16:28,BMW,7,16749523.jpg,167495237b0260.png,S149
2021-05-19,16:43:20,Mercedes-Benz,GLB-Klasse,16749410.jpg,16749410b13d0f.png,U546
2021-05-19,12:40:07,BMW,X5,16748350.jpg,167483503b5ea5.png,S111
2021-05-18,17:26:25,Audi,RS6,16743233.jpg,16743233f5ddb5.png,Q329
2021-05-18,17:24:58,Porsche,Macan,16743228.jpg,16743228ff1756.png,587C
2021-05-18,17:23:39,Porsche,911,16743221.jpg,16743221cad45b.png,N911
2021-05-18,17:22:05,BMW,X6M,16743215.jpg,167432158ace84.png,Q301
2021-05-17,10:09:50,BMW,X5M,16734315.jpg,16734315f8593a.png,V801
2021-05-17,10:08:46,Land,Rover,16734311.jpg,16734311432eba.png,2529
2021-05-17,10:07:31,Audi,RS4,16734306.jpg,16734306832074.png,7646
2021-05-17,00:10:42,Audi,RS3,16732982.jpg,167329829f03a1.png,Y753
2021-05-17,00:09:11,Mercedes-Benz,G-Klasse,16732972.jpg,16732972de8b0c.png,9450
2021-05-17,00:07:48,Porsche,911,16732951.jpg,167329510308c3.png,3564
2021-05-16,19:42:25,Audi,A4,16730183.jpg,167301831f2ce6.png,8430
2021-05-16,17:39:23,Audi,S8,16729338.jpg,167293382da89d.png,Y823
2021-05-15,20:58:17,BMW,R,16723493.jpg,167234934c2ac4.png,FR25
2021-05-15,16:05:44,Porsche,Macan,16721538.jpg,1672153882be38.png,G592
2021-05-15,16:05:26,Porsche,Macan,16721535.jpg,16721535c1ded5.png,G592
2021-05-14,22:04:44,Smart,ForTwo,16717169.jpg,167171691cfa0f.png,K197
2021-05-14,22:03:17,Smart,ForTwo,16717158.jpg,167171587ebd0c.png,T893
2021-05-14,21:59:27,Smart,ForTwo,16717137.jpg,16717137a8d6c9.png,S365
2021-05-14,20:40:48,Porsche,911,16716543.jpg,167165432620fd.png,6861
2021-05-10,23:36:05,Mercedes-Benz,B-Klasse,16692737.jpg,1669273732f079.png,E304
2021-05-10,23:35:32,Mercedes-Benz,B-Klasse,16692730.jpg,16692730f3639a.png,E304
2021-05-09,16:01:57,Mercedes-Benz,CLA-Klasse,16683263.jpg,1668326367af60.png,534J
2021-05-08,20:54:38,Mercedes-Benz,E-Klasse,16678151.jpg,16678151cb71ee.png,Q880
2021-05-07,22:24:37,Audi,Q3,16672049.jpg,16672049cbfb9e.png,N656
2021-05-07,22:18:31,Mercedes-Benz,M-Klasse,16672016.jpg,166720168e8580.png,4525
2021-05-07,22:08:30,Mercedes-Benz,GLE-Klasse,16671958.jpg,1667195831aad5.png,6747
2021-05-07,21:56:11,BMW,i3,16671885.jpg,16671885afc9cc.png,E639
2021-05-07,21:46:54,MINI,Hatch,16671826.jpg,166718261f98ad.png,636D
2021-05-07,21:16:34,Jeep,Wrangler,16671603.jpg,166716034032ad.png,C840
2021-05-07,20:50:58,Ford,F-150,16671439.jpg,16671439f0fc19.png,7642
2021-05-07,20:50:13,Ford,F-150,16671431.jpg,16671431be9490.png,7642
2021-05-07,16:13:28,Audi,Q3,16669934.jpg,1666993442d2ad.png,649F
2021-05-07,15:58:29,MINI,Countryman,16669825.jpg,16669825ca6c18.png,J662
2021-05-06,22:28:14,,,16665550.jpg,16665550e486d7.png,A157
2021-05-06,18:46:17,Audi,A3,16663403.jpg,16663403f9bd06.png,S723
2021-05-06,18:45:29,Audi,A3,16663397.jpg,16663397f96c58.png,S723
2021-05-06,12:09:25,Jaguar,XF,16661478.jpg,1666147809291f.png,2746
2021-05-06,00:42:30,Land,Rover,16659931.jpg,16659931be1c1a.png,P696
2021-05-05,13:06:33,Renault,Twingo,16655247.jpg,166552477e8109.png,T496
2021-05-05,00:52:28,Jaguar,XF,16653320.jpg,16653320b3585b.png,2746
2021-05-04,23:47:13,Mercedes-Benz,E-Klasse,16653061.jpg,16653061fc6a3d.png,G148
2021-05-04,02:25:54,Aston,Martin,16646751.jpg,1664675145865a.png,038B
2021-05-02,00:23:54,Citroёn,C3,16634177.jpg,16634177c0afc9.png,2685
2021-05-02,00:23:15,Citroёn,C3,16634174.jpg,1663417490a204.png,2685
2021-05-01,19:59:41,Ferrari,GTC4,16632039.jpg,16632039694c71.png,688H
2021-04-30,23:23:35,Maserati,Levante,16627315.jpg,16627315947e00.png,4239
2021-04-29,22:35:39,Volkswagen,T-Roc,16621388.jpg,16621388cc2780.png,H492
2021-04-28,20:19:21,Alpine,A110,16615192.jpg,166151928e74da.png,U663
2021-04-28,20:18:39,Jeep,Wrangler,16615186.jpg,1661518607f14d.png,M816
2021-04-28,20:18:08,Toyota,Lite,16615177.jpg,166151774420f7.png,093J
2021-04-28,20:16:33,Mercedes-Benz,A-Klasse,16615161.jpg,1661516174b1ae.png,185G
2021-04-28,20:15:39,Citroёn,C3,16615154.jpg,16615154c1d992.png,R164
2021-04-28,20:15:16,FIAT,500,16615149.jpg,166151494df21c.png,D880
2021-04-28,20:14:40,Mercedes-Benz,V-Klasse,16615144.jpg,16615144fb94c5.png,9194
2021-04-28,20:14:06,Jeep,Wrangler,16615140.jpg,16615140f3d276.png,J774
2021-04-28,20:13:32,Renault,Twingo,16615135.jpg,16615135ba8e8d.png,F414
2021-04-28,20:13:06,Citroёn,Berlingo,16615131.jpg,1661513105a4b8.png,8551
2021-04-28,20:12:36,Audi,Q3,16615125.jpg,16615125944069.png,7787
2021-04-28,20:11:28,Suzuki,SX4,16615110.jpg,1661511085d057.png,5736
2021-04-28,20:10:53,Bentley,Azure,16615102.jpg,16615102de8013.png,Y681
2021-04-28,20:09:59,BMW,3,16615097.jpg,1661509712098a.png,Y072
2021-04-28,20:09:29,Mercedes-Benz,E-Klasse,16615092.jpg,16615092535e36.png,N422
2021-04-27,12:52:30,BMW,M6,16607202.jpg,16607202ad82fd.png,843G
2021-04-26,20:11:51,Ferrari,LaFerrari,16603146.jpg,16603146a38eab.png,3223
2021-04-25,22:40:03,Land,Rover,16597888.jpg,165978883d9315.png,9503
2021-04-25,22:20:24,Ferrari,GTC4,16597722.jpg,165977224090af.png,V962
2021-04-25,17:17:49,Rolls-Royce,Corniche,16595230.jpg,165952303aa5fd.png,R289
2021-04-24,19:26:45,BMW,M4,16588507.jpg,16588507e026d9.png,R327
2021-04-24,19:24:33,BMW,M2,16588493.jpg,1658849322f414.png,9829
2021-04-24,19:24:08,BMW,M2,16588486.jpg,1658848660007b.png,9829
2021-04-24,19:22:35,BMW,1,16588477.jpg,16588477f23ee8.png,D391
2021-04-24,19:21:55,BMW,1,16588469.jpg,16588469b0cd2e.png,D391
2021-04-24,09:28:15,BMW,6,16584549.jpg,1658454942799c.png,K606
2021-04-23,10:57:22,Mercedes-Benz,SLS,16578952.jpg,165789525abda0.png,122V
2021-04-21,23:14:52,BMW,X5,16571758.jpg,165717580b099c.png,1508
2021-04-21,19:21:29,Land,Rover,16570129.jpg,16570129448c71.png,F169
2021-04-21,19:20:20,Land,Rover,16570117.jpg,16570117847732.png,F169
2021-04-21,01:06:54,Mercedes-Benz,S-Klasse,16566973.jpg,16566973f016c0.png,621X
2021-04-21,01:04:51,Mercedes-Benz,E-Klasse,16566967.jpg,165669672f8173.png,064G
2021-04-20,19:26:31,Jaguar,S-Type,16564307.jpg,16564307dc75bb.png,G457
2021-04-20,13:57:53,Land,Rover,16562622.jpg,16562622a57b21.png,Q913
2021-04-20,13:57:29,Land,Rover,16562618.jpg,16562618c8bf31.png,Q913
2021-04-19,21:04:41,Porsche,Cayenne,16559266.jpg,165592668a5448.png,D594
2021-04-19,20:52:56,Land,Rover,16559155.jpg,16559155f3cfa4.png,4171
2021-04-18,21:26:47,Bentley,Continental,16552758.jpg,16552758bfcb7d.png,635B
2021-04-17,20:56:50,Porsche,911,16544256.jpg,16544256b4d32b.png,6975
2021-04-17,18:59:15,BMW,X1,16543408.jpg,16543408c70a6e.png,K611
2021-04-17,13:18:30,Porsche,Cayenne,16541544.jpg,165415440d30d3.png,B790
2021-04-17,10:37:36,Porsche,Macan,16540775.jpg,1654077550ae93.png,H162
2021-04-17,10:37:09,Porsche,Macan,16540773.jpg,165407735d4696.png,H162
2021-04-17,10:30:58,Renault,Trucks,16540735.jpg,165407355703f7.png,B439
2021-04-17,10:29:36,Schmitz,,16540729.jpg,16540729740b92.png,A522
2021-04-17,00:13:46,Mercedes-Benz,A-Klasse,16539585.jpg,16539585c9ed0e.png,M463
2021-04-17,00:02:33,Land,Rover,16539481.jpg,165394816d6654.png,V513
2021-04-17,00:00:37,Porsche,911,16539454.jpg,16539454366a0a.png,Y985
2021-04-16,23:58:38,Volkswagen,Polo,16539435.jpg,165394354caf4b.png,E746
2021-04-16,23:57:47,Volkswagen,Polo,16539425.jpg,16539425db638e.png,E746
2021-04-16,23:56:41,Suzuki,Alto,16539417.jpg,16539417e5426e.png,275K
2021-04-16,23:55:35,Suzuki,Alto,16539414.jpg,16539414716d5a.png,275K
2021-04-16,23:53:45,Land,Rover,16539399.jpg,16539399a96fe4.png,146G
2021-04-16,23:53:08,Land,Rover,16539395.jpg,16539395c3dcf3.png,146G
2021-04-16,23:50:45,Mercedes-Benz,GLC-Klasse,16539383.jpg,1653938363621c.png,K017
2021-04-16,23:50:00,Mercedes-Benz,GLC-Klasse,16539379.jpg,16539379f47111.png,K017
2021-04-16,23:47:58,BMW,X3,16539362.jpg,16539362618683.png,3711
2021-04-16,23:46:35,BMW,X3,16539353.jpg,165393538d85eb.png,3711
2021-04-14,17:29:36,Ferrari,Portofino,16525655.jpg,16525655157315.png,532H
2021-04-13,23:05:13,Smart,ForTwo,16521833.jpg,1652183300db66.png,B824
2021-04-13,23:04:17,Smart,ForTwo,16521825.jpg,16521825f0f174.png,B824
2021-04-13,22:55:08,Audi,Q3,16521752.jpg,16521752713d3e.png,G543
2021-04-13,22:54:05,Audi,Q3,16521738.jpg,165217389edd0f.png,G543
2021-04-12,20:58:52,Mercedes-Benz,SL-Klasse,16515052.jpg,165150529eae53.png,L419
2021-04-12,20:49:59,Bentley,Bentayga,16514977.jpg,16514977a7b9fd.png,089C
2021-04-12,20:32:44,Porsche,Cayenne,16514820.jpg,16514820d60f9f.png,H020
2021-04-11,00:08:15,Audi,RS3,16503371.jpg,16503371a9870f.png,S442
2021-04-10,22:02:03,Audi,RS4,16502363.jpg,16502363b117dc.png,6460
2021-04-10,22:01:32,Audi,RS4,16502353.jpg,165023535a13a3.png,6460
2021-04-10,19:29:30,Audi,RS3,16501110.jpg,165011108f38e0.png,S442
2021-04-10,19:25:34,Audi,RS3,16501071.jpg,16501071533af9.png,S442
2021-04-08,19:49:10,Toyota,Land,16489402.jpg,16489402da5f78.png,8942
2021-04-08,19:47:46,Toyota,Land,16489387.jpg,1648938767baa7.png,8942
2021-04-07,23:50:14,Alfa,Romeo,16485577.jpg,1648557747d69f.png,B781
2021-04-07,22:09:55,Nooteboom,,16484921.jpg,164849211d9afb.png,A470
2021-04-07,20:18:12,Ferrari,California,16483702.jpg,16483702d7ab72.png,2418
2021-04-07,16:19:44,Porsche,911,16482338.jpg,164823381c011f.png,172C
2021-04-06,23:34:19,Alfa,Romeo,16479337.jpg,164793374f29f8.png,N078
2021-04-06,23:33:43,Alfa,Romeo,16479332.jpg,16479332224523.png,N078
2021-04-06,21:29:48,Porsche,Macan,16478509.jpg,16478509423191.png,B713
2021-04-06,00:05:05,Ferrari,250,16473646.jpg,16473646ed5d7b.png,X065
2021-04-05,19:57:34,Smart,ForTwo,16471589.jpg,164715897be76b.png,523G
2021-04-03,13:09:29,BMW,X3M,16455909.jpg,16455909fe7f44.png,627K
2021-04-03,13:08:33,BMW,X3M,16455904.jpg,1645590474cc00.png,627K
2021-04-02,22:54:43,Audi,Q8,16453191.jpg,1645319156b29c.png,V391
2021-04-02,22:51:48,BMW,1,16453170.jpg,16453170b639ac.png,8445
2021-04-02,22:47:59,BMW,1,16453136.jpg,16453136fc1cad.png,8445
2021-04-02,15:47:22,Mercedes-Benz,C-Klasse,16450506.jpg,1645050681aadd.png,Q479
2021-03-31,16:36:53,Ferrari,F40,16440430.jpg,16440430ae781b.png,U541
2021-03-31,15:30:18,BMW,1,16440103.jpg,16440103ef6b31.png,840D
2021-03-30,23:25:27,Ferrari,250,16437524.jpg,1643752445d485.png,4452
2021-03-29,21:43:12,Porsche,Panamera,16431539.jpg,16431539c58191.png,7596
2021-03-29,21:29:27,Audi,A6,16431399.jpg,1643139930e619.png,6461
2021-03-29,21:28:03,Mercedes-Benz,C-Klasse,16431391.jpg,16431391b11164.png,2517
2021-03-29,01:32:37,Volkswagen,Phaeton,16427313.jpg,16427313759130.png,0754
2021-03-29,01:31:18,Volkswagen,Phaeton,16427309.jpg,16427309633502.png,0754
2021-03-28,15:16:58,Abarth,500/595/695,16422957.jpg,16422957b967b5.png,9681
2021-03-28,14:09:46,Jaguar,F-Type,16422620.jpg,164226208d080a.png,5305
2021-03-28,11:12:39,Lamborghini,Huracán,16421784.jpg,16421784d1a80e.png,F323
2021-03-27,16:08:29,Ferrari,F40,16416569.jpg,16416569772ffe.png,169X
2021-03-27,16:07:36,Ferrari,F40,16416561.jpg,164165618d9fa4.png,169X
2021-03-27,15:47:43,Lamborghini,Huracán,16416405.jpg,16416405acb326.png,F323
2021-03-27,00:53:01,MINI,Clubman,16413580.jpg,16413580708bed.png,159G
2021-03-27,00:48:22,MINI,Convertible,16413548.jpg,16413548d03875.png,7493
2021-03-24,20:41:13,Smart,ForTwo,16401548.jpg,164015488ac0a0.png,249F
2021-03-23,19:37:08,Lamborghini,Huracán,16395451.jpg,16395451033c8e.png,258K
2021-03-22,23:13:53,Land,Rover,16391149.jpg,163911497b8268.png,V513
2021-03-21,23:51:44,Mercedes-Benz,A-Klasse,16385318.jpg,1638531888bd07.png,925B
2021-03-21,23:51:03,Mercedes-Benz,A-Klasse,16385311.jpg,16385311fc00e7.png,925B
2021-03-21,23:47:50,Abarth,500/595/695,16385294.jpg,163852946678a7.png,Y859
2021-03-21,23:47:06,Abarth,500/595/695,16385289.jpg,163852891ada82.png,Y859
2021-03-21,23:42:49,FIAT,500,16385259.jpg,163852590e6787.png,0828
2021-03-21,23:41:37,FIAT,500,16385254.jpg,16385254f7ea08.png,0828
2021-03-21,23:05:27,Rolls-Royce,Wraith,16385008.jpg,1638500845343b.png,418K
2021-03-20,23:56:22,Smart,ForTwo,16378063.jpg,163780631e5548.png,S921
2021-03-20,23:55:44,Smart,ForTwo,16378058.jpg,16378058277666.png,S921
2021-03-20,23:51:27,MINI,Hatch,16378033.jpg,16378033d3dc3b.png,N163
2021-03-20,23:50:39,MINI,Hatch,16378030.jpg,1637803019bb4e.png,N163
2021-03-20,21:29:03,Aston,Martin,16376960.jpg,16376960f38d49.png,014C
2021-03-20,21:28:30,Aston,Martin,16376954.jpg,163769544459a7.png,014C
2021-03-20,17:13:10,Maserati,Levante,16375191.jpg,16375191f97b5a.png,7633
2021-03-20,16:40:10,Mercedes-Benz,E-Klasse,16374966.jpg,16374966dcc2ef.png,260G
2021-03-19,22:59:32,Land,Rover,16370411.jpg,1637041146f371.png,338G
2021-03-19,15:52:05,Jeep,Grand,16368883.jpg,16368883a23787.png,J899
2021-03-17,22:47:22,Volkswagen,Tiguan,16361348.jpg,163613480f3ade.png,727J
2021-03-17,19:36:10,FIAT,500,16359811.jpg,163598119bcd1b.png,1677
2021-03-17,14:18:09,Ford,GT,16358467.jpg,16358467408e73.png,S204
2021-03-17,14:12:54,Ford,GT,16358443.jpg,16358443d2e267.png,S204
2021-03-14,18:50:14,Mercedes-Benz,S-Klasse,16343032.jpg,1634303210301f.png,R974
2021-03-13,23:45:01,Mercedes-Benz,A-Klasse,16338102.jpg,163381026a8faa.png,285H
2021-03-13,21:56:46,Mercedes-Benz,S-Klasse,16337452.jpg,16337452c08c57.png,Y248
2021-03-12,22:30:51,Lamborghini,Urus,16330759.jpg,16330759553bf8.png,313K
2021-03-12,10:38:08,Aston,Martin,16327401.jpg,163274012e3e77.png,L712
2021-03-12,00:31:57,BMW,X7,16326346.jpg,16326346552241.png,5840
2021-03-10,21:44:46,Maserati,Ghibli,16320283.jpg,16320283826d11.png,B158
2021-03-10,12:20:24,Mercedes-Benz,GLE-Klasse,16317573.jpg,163175735f8888.png,B682
2021-03-10,01:41:08,Lexus,NX,16316136.jpg,16316136977e02.png,4374
2021-03-09,20:41:17,Audi,RS3,16314267.jpg,163142675552ed.png,G232
2021-03-09,17:41:38,Mercedes-Benz,CLA-Klasse,16313276.jpg,16313276f31ba8.png,6961
2021-03-09,17:40:09,Mercedes-Benz,CLA-Klasse,16313265.jpg,16313265f03a77.png,6961
2021-03-07,15:22:22,Land,Rover,16301725.jpg,1630172543c85e.png,9503
2021-03-06,22:07:09,Porsche,Macan,16297242.jpg,16297242045658.png,M588
2021-03-06,21:47:30,Audi,A4,16297095.jpg,1629709564e532.png,0552
2021-03-06,15:29:45,Jaguar,F-Pace,16294658.jpg,1629465849f75e.png,2573
2021-03-06,15:29:17,Jaguar,F-Pace,16294656.jpg,162946567876d9.png,2573
2021-03-05,22:55:01,Porsche,Macan,16291524.jpg,162915246ed6ca.png,V291
2021-03-05,22:11:40,,,16291296.jpg,1629129698f0cd.png,Q560
2021-03-04,21:07:10,Mercedes-Benz,AMG,16285627.jpg,1628562762524c.png,V812
2021-03-04,21:05:12,Mercedes-Benz,AMG,16285611.jpg,16285611f448c3.png,V812
2021-03-02,21:36:15,Smart,ForTwo,16273964.jpg,16273964c67530.png,453K
2021-03-01,09:50:59,Lamborghini,Diablo,16264729.jpg,1626472966c51d.png,S071
2021-02-28,19:54:46,Abarth,500/595/695,16261589.jpg,16261589caf284.png,B939
2021-02-27,22:15:15,Opel,Corsa,16255998.jpg,162559982f29fb.png,N625
2021-02-26,23:30:27,Mercedes-Benz,G-Klasse,16249705.jpg,1624970571b907.png,700G
2021-02-24,12:05:29,Nissan,Qashqai,16236392.jpg,162363923004e8.png,579E
2021-02-24,12:04:57,Nissan,Qashqai,16236389.jpg,16236389544fcc.png,579E
2021-02-24,03:52:07,Alfa,Romeo,16235272.jpg,16235272ce7e3c.png,X193
2021-02-24,02:04:06,Audi,RS3,16235218.jpg,162352189bf9b3.png,S027
2021-02-24,02:02:51,Audi,RS3,16235216.jpg,16235216d2522c.png,S027
2021-02-21,11:27:42,Porsche,911,16218685.jpg,162186854bfd63.png,5411
2021-02-20,22:36:50,Lamborghini,Huracán,16216703.jpg,16216703d71c70.png,258K
2021-02-19,21:15:57,MINI,Convertible,16210715.jpg,162107157102b2.png,8827
2021-02-16,20:44:20,Porsche,Cayenne,16195370.jpg,161953707b7ee1.png,T724
2021-02-16,00:56:04,BMW,2,16191390.jpg,16191390a8ebfb.png,361B
2021-02-14,20:54:14,Toyota,iQ,16184470.jpg,16184470d88aab.png,222G
2021-02-14,20:38:17,Bentley,Continental,16184298.jpg,161842987f3d54.png,R621
2021-02-14,00:49:13,Smart,ForTwo,16179690.jpg,161796908296f9.png,Q629
2021-02-13,22:57:03,Abarth,500/595/695,16178870.jpg,1617887062c26c.png,F913
2021-02-13,22:55:56,Abarth,500/595/695,16178857.jpg,16178857c57286.png,F913
2021-02-12,22:45:33,Land,Rover,16173344.jpg,16173344a1e067.png,224C
2021-02-12,21:33:51,Smart,ForTwo,16172950.jpg,1617295066a839.png,Q629
2021-02-12,04:41:36,Porsche,Macan,16169883.jpg,16169883b7b623.png,E957
2021-02-12,04:33:10,Porsche,Cayenne,16169879.jpg,161698790daa5b.png,B790
2021-02-12,04:32:26,Porsche,Macan,16169878.jpg,1616987854a12b.png,P742
2021-02-12,04:31:32,Porsche,911,16169877.jpg,16169877524ba1.png,Y584
2021-02-12,00:51:07,Volkswagen,Golf,16169633.jpg,16169633561f53.png,E072
2021-02-10,22:30:25,Ferrari,212,16163970.jpg,1616397009b96a.png,857X
2021-02-10,21:51:55,License,plate,16163700.jpg,161637007949b3.png,C826
2021-02-10,18:20:52,Rolls-Royce,Phantom,16162527.jpg,16162527ee2711.png,8623
2021-02-09,11:21:41,Porsche,911,16155722.jpg,16155722cea545.png,Y584
2021-02-09,11:17:07,BMW,Z4,16155697.jpg,16155697c2a98e.png,6265
2021-02-08,20:06:02,Renault,Kerax,16152153.jpg,161521530c579f.png,X683
2021-02-06,00:31:43,Audi,SQ7,16139350.jpg,16139350c3fff0.png,L500
2021-02-06,00:30:54,Audi,SQ7,16139345.jpg,1613934591c8fb.png,L500
2021-02-01,22:14:33,Audi,Q5,16121547.jpg,16121547f689e9.png,M380
2021-02-01,21:48:10,Land,Rover,16121370.jpg,16121370348640.png,2616
2021-01-31,20:45:59,Alfa,Romeo,16116268.jpg,161162685e6893.png,3426
2021-01-31,01:27:17,Land,Rover,16110852.jpg,161108529c2046.png,K562
